Id,Manx,English
1113,Skee,Tired
2113,Feayr,Cold
4113,Keoie,
4187,apag,monkey 
4191,arkan-sonney,hedgehog
4195,ard-nieu,snake 
4199,assyl,donkey
4203,booa,cow
4207,cabbyl,horse
4211,cabbylawin,hippo
4215,craitnag,bat
4219,croggeeyl,crocodile
4223,crammag,snail
4227,crooag-heeidey,silkworm
4231,dhiane,worm
4235,doo oallee,spider
4239,doourchoo,beaver
4243,eayn,lamb
4247,famman,tail
4251,feeaih,deer
4255,fiorag,squirrel
4259,foillycan,butterfly
4263,jolgane-leaghyr,lizard
4267,kionesnaue,tadpole
4271,kyaghan,mole
4275,lheiy,calf
4279,lhemeen,moth
4283,lion,lion
4287,lion spottagh,leopard
4291,lugh,mouse
4295,maaig,paw or flipper
4299,moddey oaldey,wolf
4303,moddey-keyrragh,sheep dog
4307,muc,pig
4311,mucawin,bear
4315,mucawin bane,polar bear
4319,mucawin sheenagh,panda
4323,praddag,caterpillar
4327,rannag,frog
4331,quaillag,fly
4335,rannag-ghoo,toad
4339,roddan puissagh,hampster
4343,shellan,bee
4347,shellan cabbyl,wasp
4351,shynnagh,fox
4355,sniegan,ant
4359,stroin eairkagh,rhinoceros
4363,tarroo,bull
4374,ayr,father
4378,ben,woman
4382,braar,brother
4386,caayrphuttee,push chair
4390,carbyd clienney,pram
4394,carrey,friend
4398,cloan,children
4402,babban,baby
4406,dooinney,man
4410,dooinney-poosee,bridgroom
4414,dooinney-poost,husband
4418,inneen,daughter
4422,mac,son
4426,moidyn y phoosee,bridegroom
4430,moir,mother
4434,naim,uncle
4438,mwarree,grandmother
4442,naunt,aunt
4446,oikan,baby
4450,ollan,wool
4454,paitchey,child
4458,paitchyn,children
4462,shaner,grandfather
4466,shuyr,sister
4470,sleih,people
4474,jishag,dad
4478,mumig,mum
5113,Kys t'ou?,How are you?
6113,Braew,Fine
6589,ben-daunsin,female dancer
6593,ben-rein,queen 
6597,ben-ynsee,female teacher
6601,boandyr,nurse
6605,cloieder,actor
6609,coageyder,cook
6613,bochilley,shepherd
6617,dooinney spoar,spaceman
6621,dooinney-aitt,clown
6625,eeasteyr,fisherman
6629,eirinagh,farmer
6633,fer y phost,postman
6637,feeackleyr,dentist
6641,fer-lhee,doctor
6645,fer-obbee,magician
6649,freilleyder-beishtyn,zoo keeper
6653,fuinneyder,baker
6657,immanagh,driver
6661,laue-chluickeyder,juggler
6665,meoir-shee,policeman
6669,obbrinagh,mechanic
6673,peinteyr,painter
6677,ratch-immanagh,racing driver
6681,ree,king
6685,roosteyr,thief
6689,seyr,joiner
6693,shapp eeastee,fishmongers
6697,shappeyder,shopkeeper
6701,sidoor,solider
6705,skibbyltagh,acrobat
6709,slaader,decorator
6713,spoar-troailtagh,spaceman
6717,stiureyder,pilot
6721,thummeyder,diver
6725,ymmyrkagh,porter
6847,aarey,ladder
6851,boalley,wall 
6855,brasnag,firewood 
6859,drillin,sparkler
6863,breeck,brick
6867,dulliag,leaf
6871,faiyr,grass
6875,garey,garden
6879,garreish,garage
6883,giareyder faiyr,lawnmower
6887,kibbin,peg
6891,kiebbey,spade
6895,leaystane,swing
6899,losserey,plant
6903,lossreeyn,plants
6907,maidjer,stick
6911,ooir,soil
6915,piob,pipe
6919,pioban,hose pipe
6923,rass,seed
6927,raistyl,rake
6931,speiy,hoe
6935,spreiyder,sprinkler
6939,tead,rope
6943,stoandey,barrel
6947,thammag,bush
6951,thie glionney,greenhouse
6955,voalley,wall
6962,aalin,beautiful
6966,bog,soft
6970,boght,poor
6974,booiagh,pleased
6978,braew,fine
6982,creoi,hard
6986,doillee,difficult
6990,injil,low
6994,jesh,nice
6998,lane,full
7002,liauyr,long
7006,moal,slow
7010,mooar,big
7014,mooarane,many
7018,noa,new
7022,olk,bad
7026,ommidjagh,foolish
7030,roauyr,fat
7034,shenn,old
7038,skee,tired
7042,sollagh,dirty
7046,tappee,quick
7050,thanney,thin
7054,trimshagh,sad
7058,trome,heavy
7062,ymmydoil,useful
7066,çheh,hot
7070,çheu-mooie,outside
7074,çheu-sthie,inside
7078,çheu-veealloo,in front
7085,bastag,basket
7089,brelleein,sheet
7093,caayr,chair
7097,caslys,picture
7101,chiasseyder,heater
7105,clag,clock
7109,claare,record
7113,clooisag,pillow
7114,Feer vie,Very good
7117,cochaslys-soilshey,photograph
7121,cressad,lamp
7125,cubbyrt,cupboard
7129,dhull,plug
7133,doalan-slat,blind
7137,faastguin,sponge
7141,jalloo,picture
7145,kere,comb
7149,kishtagan,chest of drawers
7153,kishteig hayrn,drawer
7157,kishtey argid,money box
7161,lhiabbee,bed
7165,ollan-cadee,cotton wool
7169,pabyrvoallley,wallpaper
7173,press eaddee,wardrobe
7177,scudlagh,luggage
7181,shamraig,camera
7185,shamyr lhiabbagh,bedroom
7189,çhellvane,phone
7193,çhellveeish,television
7200,bolg,stomach
7204,beeal,mouth
7208,boyn,heel
7212,cass,foot
7216,cleaysh,ear
7220,cleeau,chest
7224,dreeym,back
7228,eddin,face
7232,feeacklyn,teeth
7236,folt,hair
7240,geayltyn,shoulders
7244,kione,head
7248,laue,hand
7252,lieckan,cheek
7256,lurgey,leg
7260,mair,finger
7264,meillyn,lips
7268,mair-coshey,toe
7272,mollee,eyebrow
7276,mwannal,neck
7280,ordaag,thumb
7284,roih,arm
7288,smeggyl,chin
7292,sooill,eye
7296,stroin,nose
7300,thoin,bottom
7304,uillin,elbow
7308,çhengey,tongue
7315,calmane,dove
7319,eean,bird or chicken
7323,eean-guiy,gosling
7327,eean thunnag,duckling
7331,eean-kiark,chicken
7335,fedjag,feather
7339,hullad,owl
7343,foillan,gull
7347,kellagh frangagh,turkey
7351,kiark,hen
7355,ollay,swan
7359,parrad,parrot
7363,skian,wing
7367,thunnag,duck
7371,urley,eagle
7375,urley,eagle
7382,bayrn,cap
7386,boandey,tie
7390,braagyn,shoes
7394,braagyn-jeen,wellingtons
7398,braagyn-roie,running shoes
7402,breechyn-gorrym,jeans
7406,braagynquellagh,roller skates
7410,carraneyn-thie,slippers
7414,carraneyn,sandals
7418,clesp,buckle
7422,cooat,coat
7426,cooat shamyr,dressing gown
7430,cruinneen,bead
7434,cryss,belt
7438,eaddagh,clothes
7442,eaddagh-breagey,fancy dress
7446,eaddagh-oie,pyjamas
7450,fo-hroosyn,underpants
7454,fo-lheiney,vest
7458,gansee-foshlee,cardigan
7462,jaggad,jacket
7466,lauenyn,gloves
7470,lheiney,shirt
7474,lheiney T,T Shirt
7478,oashyryn,socks
7482,oashyryn-lheshey,tights
7486,ollan,wool
7490,ooreyder,watch
7494,rhymbyl,skirt
7498,spagey,handbag
7502,sporran,purse
7506,tayrnag,zip
7510,towl-cramman,button-hole
7514,troosyn,trousers
7518,troosyn-cuttagh,shorts
7525,bane,white
7529,daaghyn,colours
7533,daah,colour
7537,dhone,brown
7541,doo,black
7545,dorraghey,dark
7549,geayney,green
7553,glass,natural green
7557,jiarg,red
7561,jiarg gorrym,purple
7565,jiarg-bane,pink
7569,jiarg-bwee,orange
7573,jiarg-gorrym,purple
7577,lheeah,grey
7584,ammyr,canal
7588,arroo,corn
7592,awin,river
7596,baaieagh,cow house
7600,balley,place
7604,billey,tree
7608,blaa,flower
7612,cabbane,tent
7616,cairt,cart
7620,clagh,stone
7624,cooylley ushtey,lock
7628,creagh,haystack
7632,cronk,hill
7636,creg,rock
7640,druight,dew
7644,dubbey,pool
7648,eas,waterfall
7652,eaynin,cliff
7656,faasagh,desert
7660,giat,gate
7664,jeelt,saddle
7668,keeaght,plough
7672,keyll,forest
7676,kionnan,bale
7680,laagh,mud
7684,lhongey mooie,picnic
7688,magher,field
7692,muclagh,pigsty
7696,mwyllin geayee,mill
7700,slieau,mountain
7704,soalt,barn
7708,staabyl,stable
7712,strooan,stream
7716,thie-eirinagh,farm house
7720,thie kirkey,hen house
7724,traagh,hay
7728,çhibbyr,well
7735,arran,bread
7739,awree,soup
7743,bainney,milk
7747,bee,food
7751,berreen,cake
7755,berrishyn-feeyney,grapes
7759,binjean-villish,yoghurt
7763,blennican,spinnach
7767,bonnag,scone
7771,braghtan,sandwich
7775,caashey,cheese
7779,caaylag,sprout
7783,caayl,cabbage
7787,caffee,coffee
7791,collag,cauliflower
7795,corran-bwee,banana
7799,cullyran,pumpkin
7803,feeyn,wine
7807,eeym,butter
7811,feill,meat
7815,finnal,celery
7819,flooyr,flour
7823,glassan,salad
7827,glassyr,lettuce
7831,jingan,jam
7835,jinnair,dinner
7839,jough,a drink
7843,kay,cream
7847,lhune,beer
7851,limon,lemon
7859,melloon,melon
7863,mess,fruit
7867,miljyn,sweets
7871,mill,honey
7875,nannys,pineapple
7879,noirid,orange
7887,ooh,egg
7891,oohagan,omelete
7895,ooyl,apple
7899,ooyl-ghraih,tomato
7903,ooylagh,orchard
7907,pershagh,peach
7911,pannag,pancake
7915,pibbyr,pepper
7919,pishyr,peas
7923,poanrey,bean
7927,plumbys,plum
7931,praase,potato
7935,pronnag,sausage
7939,puiddin,pudding
7943,riojag,icecream
7947,rolley-arran,bread roll
7951,shaddag,grapefruit
7955,shalmane,mushrom
7959,shibbyr,supper
7963,shocklaid,chocolate
7967,shugyr,sugar
7971,shugyr-sneeuit,candy floss
7975,sollan,salt
7979,soo-crouw,raspberry
7983,soo-mess,fruit juice
7987,soo-thallooin,strawberry
7991,spollagyn,chips
7995,tey,tea
7999,unnish,onion
8003,ushtey,water
8007,yskid,ham
8014,aile,fire 
8018,argid,money
8022,boayrd,table
8026,cainle,candle
8030,chimlee,chimney
8034,clooid,duster
8038,cruinnag,lightbulb
8042,curtan,curtain
8046,dhornane,door handle
8050,dorrys,door
8054,gaih,toy
8058,jaagh,smoke
8062,jioleyder,vacuum cleaner
8066,kishtey,box
8070,laare,floor
8074,lout,loft
8078,mullagh y thie,roof
8082,mullagh-shamyr,ceiling
8086,mynjeig,parcel
8090,ogher,key
8094,pabyr,paper
8098,pabyr-aitt,comic
8102,poagey,bag
8106,poodyr niee,washing powder
8110,premmee,toilet
8113,Maynrey,
8114,screeuyn,letter
8118,shamyr,room
8122,shamyr soie,lounge
8126,shamyr oonlee,bathroom
8130,sheeabin,soap
8134,sooslagh feeackle,toothpaste
8138,spooytag,syringe
8142,stoyl,stool
8146,thie,house
8150,thie babban,dolls house
8154,thie veg,toilet
8158,tobbyr oonlee,bath
8162,trogh-eeast,fish tank
8166,uinnag,window
8170,yiarn smoodal,iron
8177,castreycair,middlin
8181,cha mie lhiam,I don't like
8185,ennym,name
8189,faase,weak
8193,kys tou,how are you
8197,maynrey,happy
8201,mie dy liooar,good enough
8205,my sailliu,please plural
8209,my sailt,please
8213,neuchiart,wrong
8217,slane lhiat,goodbye
8221,slane lhiu,goodbye plural
8225,smie lhiam,I Like
8229,çhing,ill
8236,aall,fork
8240,aanrit laue,towel
8244,aanrit-boayrd,table cloth
8252,boteil,bottle
8256,cappan,cup
8260,canastyr,tin
8264,coirrey,kettle
8268,costraayl,jar
8272,foaddan,match
8276,frynnepan,frying pan
8280,meighaghyn,scales
8284,meilley,basin
8288,meilley niee,sink
8292,milleen,pill
8296,panney,pan
8300,moggaid,plate
8304,shamyr aarlee,kitchen
8308,skaal,saucer
8312,skeab,broom
8316,skeabfluigh,mop
8320,sleayst joan,dust pan
8324,spein,spoon
8328,spein tey,tea spoon
8335,boaldyn,May
8339,fastyr,afternoon
8343,fastyr mie ,good afternoon
8347,imbaghyn,seasons
8351,jea,yesterday
8355,jecrean,Wednesday
8359,jeheiney,friday
8363,Jedoonee,sunday
8367,jemayrt,tuesday
8371,jelune,monday
8375,jerdein,thursday
8379,jerrey shiaghtin,weekend
8383,jerrey-arree,April
8387,jerrey-geuree,January
8391,jerrey-fouyir,October
8395,jerrey-souree,July
8399,jesarn,Saturday
8403,jiu,today
8407,kegeesh,fortnight
8411,laa,day 
8415,laa Nollick Beg,New Year's day
8419,laa-ruggyree,birthday
8423,laaoil,daily
8427,mairagh,tomorrow
8431,mayrnt,march
8435,mean-arree,march
8439,mean-fouyir,September
8443,mean-gheuree,December
8447,mean-souree,June
8451,meanoie,midnight
8455,mee,month
8459,mee houney,November
8463,mee ny nollick,December
8467,moghrey mie ,good morning
8471,moghrey,morning
8475,munlaa,midday
8479,noght,tonight
8483,nollick,Christmas
8487,ny keayrtyn,sometimes
8491,nollick ghennal,Happy Christmas
8495,oie,night
8499,oie vie,good night
8503,oie'll Voirrey,Christmas Eve
8507,toshiaght-arree,February
8511,toshiaght-gheuree,November
8515,toshiaght-ouyir,August
8519,toshiaght-souree,May
8523,traa,time
8527,y fouyr,the autumn
8531,y sourey,the summer
8535,yn gheurey,the winter
8539,yn arragh,the spring
8546,ben-chiaullee,female singer
8550,dollan,bodhran
8554,eairk,horn
8558,feddan,whistle
8562,fer-reill y chiaull,conductor
8566,kiaull,music
8570,pianney,piano
8574,possan-kiaullee,band
8664,conning,rabbit
8668,garran,pony
8672,eeast-airhey,Goldfish
8676,kayt,cat
8680,moddey,dog
8684,pishin,kitten
8688,pussag,hampster
8692,quallian,puppy
8696,shligganagh,tortoise
8700,yeeall,dogs lead
8707,abyrlit,alphabet 
8711,boayrd bane,white board
8715,boayrd doo,black board
8719,chaghnoalleeaght,technology
8723,cheer oayleeaght,geography
8727,coearrooder,computer
8731,corran,crescent
8735,cowrey,badge
8739,cray,clay
8743,cronnag,desk
8747,cruinney,globe
8751,driaght-pabyr,paper chains
8755,edd-pabyr,paper hat
8759,ellan,art
8763,far-chiarkyl,ellipse
8767,fareddin,mask
8771,frangish,French
8775,gaelg,Manx
8779,gass-iu,drinking straw
8783,glassage,locker
8787,kaart-çhiassid,temperature chart
8791,kelk,chalk
8795,kelk-daah,colured chalk
8799,kerrin,square
8803,kiap,block
8807,kiap-cherrin,cube
8811,kiarkyl,circle
8815,kishan-pabyr,waste paper basket
8819,lioar,book
8823,lioar-vaght,note book
8827,lioaryn,books
8831,lorg,pole
8835,maddaght,maths
8839,maidjey corragh,see saw
8843,penn,pen
8847,penn-leoaie,pencil
8851,pot slaa,paint pot
8855,reill,ruler
8859,runtag,marble
8863,rhome,rhombus
8867,scoill,school
8871,scryssane,eraser
8875,shamyr bee,cantine
8879,sheanse,science
8883,shuddyryn,scissors
8887,skelloo lioar,bookshelf
8891,skeaban-slaa,paint brush
8895,troorane,triangle
8902,bassag,tennis
8906,bassag-boayrd,table tennis
8910,bluckan,ball
8914,bluckan-baskad,basketball
8918,bluckan-coshey,football
8922,cabbylleaystee,rocking horse
8926,carr ratch,racing car
8930,carryn donkal,bumper cars
8934,coshee-tead,tightrope
8938,criggad,cricket
8942,cront-bleihghyn,jigsaw
8946,dean,target
8950,doarney,boxing
8954,drappeyder-sleityn,mountaineer
8958,etlag,kite
8962,finneig,canoe
8966,gamman,game
8970,jeeshyn,dice
8974,kaart,card
8978,kaayrt,playing card
8982,lheimyraght-cabbyl,show jumping
8986,maghercloie,playing field
8990,mollag,balloon
8994,mollag aeragh,hot air balloon
8998,ratchal-cabbyl,horseracing
9002,ratchal-carr,car racing
9006,ratchal-roar,cycle racing
9010,ratchal-roar-bree,motorcylce racing
9014,rugbee,rugby
9018,scaa tuittym,parachute
9022,sheeal,sking
9026,sheealeyder-ushtey,water skier
9030,skibbyltys,gymnastics
9034,skirraghtyn,skating
9038,skynn,knife
9042,spaaig,paddle
9046,spoyrt,sport or fun
9050,tead skibbylt,skipping rope
9054,tead-ï¿½hionn,tight rope
9058,troggal-trimmid,weight lifting
9065,ainle,angel 
9069,ard-veisht,monster
9073,cliwe,sword
9077,ferrish,fairy
9081,dragan,dragan
9085,foawr,giant
9089,jishag y nollick,Father Christmas
9093,jouyl,devil
9097,scaan,ghost
9101,shennaghys,history
9105,shirrym,sheriff
9109,slat-obbee,magic wand
9113,traen ny scaanyn,ghost train
9114,Moghrey mie,Good morning
9117,trollag,elf
9124,banc,bank
9128,bink,bench
9132,brattagh,flag
9136,cashtal,castle
9140,cassan,footpath
9144,coar,crane
9148,cassan breck,zebra crossing
9152,crou,tire
9156,cughlin,cone
9160,droghad,bridge
9164,cummal rea,flat
9168,fainagh,carriage
9172,feaillerey,festival
9176,keeill,church
9180,feailley ny beishtyn,circus
9184,kishteig-argid,cash till
9188,margher,market
9192,naighyn carr,car wash
9196,orch,rubbish
9200,pairk,park
9204,pemmad,pavement
9208,post soilshey,lamp post
9212,post stiuree,sign post
9216,pryssoon,prison
9220,radio,radio
9224,radling,railing
9228,railley,rail
9232,shapp,shop
9236,shapp gaih,toy shop
9240,sthowran,statue
9244,thie fillym,cinema
9248,thie bee,restaurant
9252,thie oast,inn
9256,thie-lheihys,hospital
9260,troggeyder,lift
9267,barroose,bus
9271,caayr-wheeylagh,wheel chair
9275,car pollys,police car
9279,car-laadee,lorry
9283,carbyd lheeys,ambulance
9287,carbyd tayrn,tow truck
9291,cleiyder,digger
9295,etlan,plane
9299,etlan cassee,helicopter
9303,fainagh bee,restaurant car
9307,farkyltoshee,car bonnet
9311,moogheyder-aile,fire engine
9315,queeyl,wheel
9319,raad,road
9323,raad etlan,runway
9327,raad yiarn,railway
9331,roar bree,motor bike
9335,roar,bike
9339,soilshaghyn mooarey,headlights
9343,scughag,scooter
9347,soilshey reill,traffic light
9351,stashoon,station
9355,taksee,taxi
9359,tayrneyder,tractor
9363,thie troailt,caravan
9367,thiollane,tunnel
9371,toor reill,control tower
9375,traen,train
9379,troggeyder pedryl,petrol pump
9383,traen cooid,goods train
9387,van,van
9394,cadley,sleeping
9398,caggey,fighting
9402,clashtyn,hearing
9406,cloie,playing
9410,coagyrey,cooking
9414,cooney,helping
9418,corlheimeraght,skipping
9422,cosney,winning
9426,crankal,knocking
9430,creck,selling
9434,cryttal,knitting
9438,cummal,living
9442,cur,putting
9446,daunsin,dancing
9450,drappal,climbing
9454,ennaghtyn,fealing
9458,eaishtagh,listening
9462,faarkey,bathe
9466,fakin,seeing
9470,farkiaght,waiting
9474,follaghey,hiding
9478,garaghtee,laughing
9482,geddyn,getting
9486,gee,eating
9490,giu,drinking
9494,jannoo,making or doing
9498,jeeaghyn er,looking at
9502,karraghey,mending
9506,kionnaghey,buying
9510,laccal,wanting
9514,lostey,burning
9518,markiaght,riding
9522,mongey,smiling
9526,oonlaghey,washing
9530,obbraghey,working
9534,paagh,thirsty 
9538,peintal,painting
9542,puttey,pushing
9546,reurey,digging
9550,roie,running
9554,screeu,writing
9558,scuirr,stopping
9562,shassoo,standing
9566,shelg,hunt
9570,shooyl,walking
9574,smooinaghtyn,thinking
9578,snaue,swimming
9582,soie,sitting
9590,tannaghtyn,staying
9594,tayrtyn,catching
9598,tilgey,throw
9602,troggal,building
9606,tuittym,falling
9610,whaaley,sewing
9614,yllagh,call
9618,ymmyrkey,carry
9622,ymmyrt,row
9626,ynsaghey,teaching and learning
9630,çheet,coming
9637,bodjal,cloud
9641,bodjallagh,cloudy
9645,dorrin,storm
9649,dorrinagh,stormy
9653,droghearish,bad weather
9657,emshyr,weather
9661,eayst,moon
9665,feayr,cold
9669,fliaghey,rain
9673,geay,wind
9677,geayagh,windy
9681,kay-broghe,fog
9685,rio,ice
9689,rioeeagh,freezing
9693,rollage,star
9697,sheidey,blowing
9701,sniaghtey,snow
9705,t'eh ceau fliagh,its raining
9709,soilshey,light
9713,t'eh ceau sniaghtey,its snowing
9717,t'eh dorraghey ,its dark
9721,t'eh fliugh,its wet
9725,t'eh gial,its bright
9729,t'eh çheh,its hot
9733,t'eh çhirrym,its dry
9737,tendreil,lightning
9741,çhirrym,dry
9748,bink obbrree,work bench
9752,curneen ooill,oil can
9756,kishtey cullee,tool box
9760,kishtey pooar,battery
9764,lhiackvoalley,wall tile
9768,meinn saue,saw dust
9772,oard,hammer
9776,ogher cassee,spanner
9780,pabyr geinnee,sandpaper
9784,saaue,saw
9788,scrod,screw
9792,scrodeyder,screwdriver
9796,skeaban,brush
9800,streng,string
9804,taggad,drawing pin
9808,traval,trowel
9812,towshan,tape measure
9816,treiney,nail
10113,Fastyr mie,Good afternoon
11113,Oie vie,
12113,Mish...,My name is…
13113,Quoi uss?,
14113,Kys t'eh?,
15113,Kys t'ee?,
17113,Kys ta Voirrey?,How is Voirrey?
18113,Ta mee braew ,I'm fine
21964,Caayr-hraie,deck chair
21968,Partan,crab
21972,Crossag-varrey,starfish
21976,Shlig,shell
21980,Scaa-greiney,sunshade
21984,Cashtal-geinnee,sand castle
21988,Baatey-pooar,power boat
21992,Famlagh,seaweed
21996,Edd-greiney,sun hat
22000,Maidjey-raue,oar
22004,Birling,yacht
22008,Cruick,bucket
22012,Baatey-ymmyrt,rowing boat
22016,Baatey-eeastee,fishing boat
22020,Baatey,boat
22027,Lhong,ship
22031,Perkin,dolphin
22035,Mooir,sea
22039,Raun,seal
22043,Shiaulley,sailing
22047,Slat eeastee,fishing rod
22051,Fovarrane,submarine
22055,Keayn,sea
22059,Toor-soilshey,lighthouse
22063,Lhongaghyn,ships
22067,Shiaulteyr,sailor
22071,Doagh hroailt,tanker
22075,Eeast,fish
22079,Lieen,net
22083,Sharkagh,shark
22087,Ellan,island
22091,Roosteyr-marrey,pirate
22095,Lhong-ooill,oil tanker
22099,Tonn,wave
22113,T’eh maynrey,
24113,T’ee skee,
25113,Ta Voirrey çhing,Voirrey is sick
26113,Vel oo braew?,Are you fine?
27113,Ta,Yes
28113,Cha nel,No
29113,Vel oo keoie?,
29478,Grayse,The Grace
31113,Vel Orry skee?,
32113,Vel eh maynrey?,
33113,Vel ee braew?,
34113,Cha nel mee keoie ta mee maynrey,
48113,Vel Mannin yindyssagh?,
49113,Yindyssagh,Wonderful
50113,Çhing,Sick
51113,"Braew, gura mie ayd","Fine, thank you"
53113,"Ta, t’eh yindyssagh",
54113,Vel yn Moddey Doo keoie?,
55113,"Ta, t’eh keoie",
58113,Vel Purt le Moirrey yindyssagh?,
59113,Gee,Eat
60113,Giu,Drink
61113,Gynsagh,
62113,Jannoo,
63113,Gobbragh,Work
64113,Shooyl,Walk
65113,Cummal,Live
66113,Geearree,
67113,Goll dys,Go
68113,Spollagyn,
69113,Doolish,Douglas
70113,Purt Çhiarn,Port Erin
71113,Purt le Moirrey,Port st. Mary
72113,Purt ny h-inshey,Peel
73113,Rhumsaa,Ramsey
74113,Mannin,Isle of Man
76113,Cre?,
77113,Ta mee gobbragh,I work
78113,T'ou gee,You eat
79113,T'eh giu,
80113,T'ee gynsagh,
81113,Ta Voirrey shooyl,Voirrey is walking
81113,Vel Voirrey shooyl?,Is Voirrey walking?
81480,Baatey sauaillagh,Life boat 
82113,Cha nel mee cummal,
83113,Cha nel eh gobbragh,
84113,Cha nel ee jannoo,
85113,Cha nel Orry gobbragh,
86113,Vel mee giu?,
87113,Vel oo gee?,
88113,Vel eh cummal?,
89113,Vel ee geearree?,
90113,Nagh vel mee giu?,
91113,Nagh vel oo gee?,
92113,Nagh vel eh geearree?,
93113,Nagh vel ee cummal?,
94113,Nagh vel Voirrey shooyl?,
95113,C'raad t'ou cummal?,
96113,Ta mee cummal ayns Mannin,
97113,C’raad t’ou gobbragh?,
98113,Ta mee gobbragh ayns Doolish,
99113,C'raad t'ou geearree cummal?,
100113,C'raad t'ou gynsagh Gaelg?,
102113,C'raad t'ou gee spollagyn?,
106113,C’raad ta Orry gynsagh Gaelg?,
107113,Ta Orry gynsagh Gaelg ayns Kionedroghad,
108113,Cre t'ou jannoo?,
109113,Cre t'ee jannoo?,
114113,Vel oo cummal ayns Doolish?,
115113,Vel eh cummal ayns Colby?,
116113,Vel ee cummal ayns Regaby?,
122113,Thie,House
123113,Kayt,Cat
124113,Moddey,Dog
125113,Argid,
126113,Gleashtan,
127113,Gleashtan mooar,
128113,Thie mooar,
129113,Thie beg,
130113,Folt,
131113,Folt doo,
132113,Folt gorrym,
133113,Folt ruy,
135113,Folt bane,
137113,Gleashtan beg,
138113,Gleashtan tappee,
139113,Gleashtan moal,
140113,Ta moddey aym,
141113,Ta kayt ayd,
142113,Ta gleashtan echey,
143113,Ta folt ec Voirrey ,
144113,Vel kayt ayd?,
145113,Vel gleashtan echey?,
146113,Vel argid eck?,
148113,Cha nel kayt ayd,
149113,Cha nel gleashtan echey,
150113,Cha nel argid eck,
152113,Nagh vel moddey aym?,
153113,Nagh vel kayt ayd?,
154113,Nagh vel gleashtan echey?,
155113,Nagh vel argid eck?,
156113,Vel moddey ayd?,
157113,"Ta, ta kayt aym",
159113,Cha nel kayt aym agh ta moddey aym,
161113,Vel fys ayd?,
167113,Vel fys ayd c'raad ta Voirrey cummal?,
168113,Vel fys ayd c’raad ta Juan cummal?,
169113,"Ta fys aym, t'ee cummal ayns Doolish",
170113,"Ta fys aym, t'eh cummal ayns Rhumsaa ",
171113,Vel Gaelg ayd?,
172113,"Ta, ta Gaelg aym",
176113,Vel moddey aym?,
178113,Vel folt ec Voirrey?,
179113,Cha nel folt ec Voirrey,
180113,er y vaatey,
181113,ayns y thie-lhionney,
182113,er y varroose ,
183113,Jelune,
184113,Jemayrt,
185113,Jecrean,
186113,Jerdein,
187113,Jeheiney,
188113,Jesarn,
189113,Jedoonee,
190113,Jea,
191113,Va mee braew,
192113,V'ou çhing,
193113,V'eh feer vie,
194113,V'ee skee,
195113,Va Juan braew,
196113,Cha row mee feayr,
197113,Cha row oo çheh,
198113,Cha row eh feer vie,
200113,Cha row Orry maynrey,
201113,Row mee ayns Colby?,
202113,Row oo ec yn thie-fillym?,
203113,Row ee ayns Doolish?,
204113,Row Illiam ayns Regaby?,
205113,Nagh row mee skee?,
206113,Nagh row oo ayns Rhumsaa?,
207113,Nagh row eh feayr?,
208113,Nagh row ee maynrey?,
209113,Nagh row Voirrey sthie?,
215113,Row oo ec yn Thie-Fillym jea?,
216113,Row oo ayns Rhumsaa Jeheiney?,
217113,"Cha row, va mee ayns Purt le Moirrey",
218113,"Cha row, va mee ayns Dalby",
219113,C'raad v'ou jea?,
220113,C'raad v'ou Jerdein?,
221113,C'raad v'ou Jecrean?,
222113,Kys v'ou jea?,
224113,Va mee ayns Doolish,
225113,Va mee er y vaatey,
226113,Va mee ayns Laksaa,
228113,Row eh er y vaatey?,
229113,S'mie lhiam Doolish,
230113,S'mie lhiat Rhumsaa,
231113,S'mie lesh Colby,
232113,S'mie lhee Mannin,
233113,Cha mie lhiam bonnag,
235113,Cha mie lesh caffee,
236113,Cha mie lhee roie,
237113,Cha mie lesh Orry shooyl,
238113,Mie lhiat gobbragh?,
239113,Mie lhiat snaue?,
240113,Mie lesh gimman?,
241113,Mie lhee gynsagh?,
242113,Mie lesh Orry goll dys Rhumsaa?,
243113,Nagh mie lhiam Golf?,
244113,Nagh mie lhiat Colby?,
245113,Nagh mie lesh gimman?,
246113,Nagh mie lhee caffee?,
247113,Nagh mie lesh Voirrey gobbragh?,
248113,S'mie,
249113,Cha mie,
251113,Cre s'mie lhiat jannoo Jesarn?,
252113,C'raad s'mie lhiat?,
253113,Quoi s'mie lhiat?,
254113,S'mie lhiam Conor Cummins,
255113,S'mie lhiam gee curree,
256113,Bluckan coshey,
257113,Criggad,
260113,Bonnag,
261113,S'mie lhiam gee bonnag,
264113,Caffee doo,
265113,Tey bane,
266113,Ushtey vea,
267113,ny Ratçhyn TT,
269113,Mie lhiat giu caffee?,
270113,Cha mie lhiam giu caffee,
271113,Mie lesh ny Ratçhyn TT?,
272113,Cha mie lesh ny Ratçhyn TT,
273113,Mie lhee spollagyn?,
274113,Cha mie lhee spollagyn?,
275113,Mie lesh Orry gynsagh Gaelg?,
283113,Jeeaghyn,
284113,Gimman,
285113,Jiu,
286113,Cuin?,
287113,Fastyr jea,
289113,Riyr,
290113,Oie Jedoonee,
291113,Ren mee gimman,
292113,Ren oo gee peetsey,
293113,Ren eh giu caffee,
294113,Ren ee gynsagh,
295113,Ren Orry goll magh,
296113,Cha ren mee shooyl,
297113,Cha ren oo gee,
298113,Cha ren eh gynsagh,
298113,Cha ren ee gobbragh,
300113,Cha ren ee gobbragh,
301113,Cha ren Voirrey goll magh,
302113,Ren mee goll dys Colby?,
303113,Ren oo gynsagh Gaelg?,
304113,Ren eh gimman?,
305113,Ren ee shooyl?,
306113,Ren Orry gee peetsey?,
307113,Ren,
308113,Cha ren,
309113,Cre ren oo jea?,
310113,Ren mee gobbragh,
311113,Ren mee gynsagh Gaelg,
312113,Cre ren Voirrey Jedoonee?,
313113,Cre ren Voirrey Jelune?,
314113,Ren ee goll dys Doolish,
316113,Ren ee goll magh,
317113,Ren ee gobbragh,
318113,Ren oo gee curree riyr?,
319113,Ren oo gynsagh Gaelg fastyr jea?,
320113,C'raad ren oo goll jea?,
321113,Ren mee goll dys Rhumsaa,
322113,Cuin ren oo goll magh?,
323113,Ren oo gobbragh jea?,
324113,Cha ren mee gobbragh jea ren mee goll dys Colby,
326113,Nagh ren mee goll?,
327113,Nagh ren Orry goll magh?,
328113,Nagh ren oo gynsagh Gaelg?,
329113,Nagh ren eh shooyl?,
330113,Nagh ren ee gobbragh?,
331113,Tappee,
332113,Feer tappee,
333113,Cosney,
334113,Moal,
336113,Dangeyragh,
337113,Sostyn,
338113,Ratçh Mooar,
340113,Nerin,
341113,Quoi shoh?,
342113,Shoh Guy Martin,
343113,Shoh Ian Hutchinson,
344113,Shoh John McGuinness,
345113,Shoh Michael Dunlop,
346113,Vel eh cummal ayns Mannin?,
348113,"Cha nel, t'eh cummal ayns Nerin",
349113,"Cha nel, t'eh cummal ayns Morecombe",
356113,Ren Manannan ratçhal?,
357113,Cha ren eh ratçhal,
358113,Ren John McGuinness cosney?,
359113,"Ren, ren eh cosney",
360113,Ren Guy Martin cosney?,
362113,Cha ren eh cosney,
365113,Row Michael Dunlop feer tappee?,
366113,"Va, v'eh feer tappee",
369113,Row Guy Martin moal?,
370113,Cha row eh,
371113,Row Guy Martin ayns Purt le Moirrey?,
372113,Quoi ta ratçhal feer tappee?,
373113,Ta John McGuinness ratçhal feer tappee,
376113,Manninagh,
377113,Bleb,
378113,Toot,
379113,Spaainagh,
380113,Sostnagh,
381113,Douglas Butty,
383113,Gobbag,
384113,Yernagh,
385113,Bretnagh,
386113,Skeet,
387113,Ben,
388113,Dooinney,
389113,Ratçheyder,
390113,Mish,
391113,Uss,
392113,Eshyn,
393113,Ish,
398113,She Skeet mish,
399113,She Toot uss,
400113,She Bleb eshyn,
401113,She Manninagh ish,
402113,She Douglas Butty Orry,
403113,Cha nee Sostnagh mish,
404113,Cha nee Skeet uss,
405113,Cha nee Gobbag eshyn,
406113,Cha nee Toot Breeshey,
407113,Nee Skeet mish?,
408113,Nee Gaelgeyr uss?,
409113,Nee Yernagh eshyn?,
410113,Nee Bleb ish?,
411113,Nee Spaaniagh Orry?,
412113,Nagh nee Toot mish?,
413113,Nagh nee Sostnagh uss?,
414113,Nagh nee Manninagh eshyn?,
415113,Nagh nee Douglas Butty ish?,
416113,Nagh nee Manninagh Manannan?,
417113,She,
418113,Cha nee,
419113,Nee Toot uss?,
420113,Cha nee Toot mish agh she Bleb mish,
421113,Nee Ratçheyder eshyn?,
422113,"She, she Ratçheyder eshyn",
423113,"Cha nee, cha nee Ratçheyder eshyn",
424113,Nee Spaaniagh ish?,
425113,"She, she Spaaniagh ish",
426113,Cha nee Spaaniagh ish she Douglas Butty ish,
427113,Nee Skeet Illiam?,
429113,Nee Skeet Manannan?,
430113,"She, she Skeet agglagh eshyn",
431113,Geaishtagh rish,
432113,Smooinaghtyn,
433113,Loayrt rish,
435113,Shappal,
437113,Coaygrey,
438113,Veg,
440113,Nee,
441113,Cha jean,
442113,Cha jeanym,
443113,Neeym,
444113,Neeym goll magh mairagh,
445113,Nee oo geaishtagh rish Radio Vannin mairagh,
446113,Nee eh coaygrey,
447113,Nee ee gimman,
448113,Nee Illiam smooinaghtyn,
449113,Cha jeanym goll magh,
450113,Cha jean oo gobbragh,
451113,Cha jean eh shooyl,
452113,Cha jean ee gynsagh,
453113,Cha jean Orry geaishtagh,
454113,Jeanym cloie Golf?,
455113,Jean oo goll dys Doolish?,
456113,Jean eh loayrt Gaelg?,
457113,Jean ee shooyl?,
458113,Jean Orry goll dy valley?,
459113,Nagh jeanym gobbragh?,
460113,Nagh jean oo goll?,
461113,Nagh jean eh loayrt?,
462113,Nagh jean ee gobbragh?,
463113,Nagh jean Orry gynsagh Gaelg?,
464113,Jean oo goll dys Colby Jesarn?,
465113,Jean oo goll dys Sulby mairagh?,
467113,Cre nee oo mairagh?,
469113,Cre nee Breeshey Jelune?,
470113,Neeym goll dys Rhumsaa,
475113,Cuin nee oo goll magh?,
476113,Jean oo gynsagh Gaelg mairagh?,
477113,Cha jean agh neeym Jedoonee,
480113,C'raad nee oo goll mairagh?,
481113,Neeym goll dys Doolish,
482113,Neeym goll dys Laksaa,
483113,Cre'n laa nee oo goll dys Doolish?,
484113,Neeym goll Jelune,
485113,C'raad nee oo gynsagh Gaelg mairagh?,
486113,Neeym gynsagh Gaelg ayns Purt le Moirrey,
487113,Anmagh,
488113,Mairagh,
489113,Fastyr mariagh,
490113,Moghrey mairagh,
491113,Oie ny vairagh,
492113,Ayns shoh,
493113,Ayns shen,
494113,Beeym,
495113,Beeym braew,
496113,Bee oo çheh,
497113,Bee eh maynrey,
498113,Bee ee ayns shoh,
499113,Bee Orry anmagh,
500113,Cha beeym anmagh,
501113,Cha bee oo ayns Colby,
502113,Cha bee ee braew,
503113,Cha bee Breeshey çhing,
504113,Beeym ayns Doolish?,
505113,Bee oo er y vaatey?,
506113,Bee eh er y varroose?,
507113,Bee ee feayr?,
508113,Bee Illiam ayns shoh?,
509113,Nagh beeym maynrey?,
510113,Nagh bee oo skee?,
511113,Nagh bee eh ayns Doolish?,
512113,Nagh bee ee feayr?,
513113,Nagh bee Orry ayns Purt le Moirrey?,
514113,Bee oo er y vaatey mairagh?,
515113,Cha beeym,
516113,Bee oo ayns shoh mairagh?,
517113,Bee oo ec yn thie-fillym noght?,
518113,Bee oo ec yn thie ayd mairagh?,
519113,Bee oo ayns Colby oie ny vairagh?,
520113,Cuin vees oo ayns Doolish?,
522113,Beeym ayns Doolish Jesarn,
523113,Bee oo ayns Jourby mairagh?,
524113,Cha beeym agh beeym ayns Jourby Jedoonee,
525113,Bee oo er y vaatey noght?,
527113,"Cha bee, beeym ayns Rhumsaa noght",
529113,Quoi vees ayns shoh mairagh?,
530113,Bee Orry ayns shoh,
531113,Bee Orry ayns shoh agh cha bee Illiam,
532113,Quoi vees ayns Doolish yn çhiaghtin shoh,
534113,Cha beeym agh bee Breeshey,
535113,Bee,
536113,Cha bee,
538113,Agglagh,
539113,Er-lhiam,
540113,Foddee,
541113,S'liklee,
542113,Er y fa / er yn oyr,
543113,Cre'n fa?,
544113,Cre er lhiat?,
545113,Dree,
546113,Er-lhiam dy vel eh feayr,
547113,Foddee dy vel eh feayr,
548113,S'liklee dy vel eh feayr,
549113,S'liklee nagh vel eh feayr,
550113,Er y fa dy vel eh dree,
551113,Er y fa nagh vel eh cummal ayns Mannin,
552113,Er y fa nagh vel eh cummal ayns Purt le Moirrey,
553113,Er y fa nagh vel eh loayrt Gaelg,
554113,Er y fa dy vel eh anmagh,
557113,er y fa dy vel eh feayr,
558113,er y fa dy vel eh yindyssagh,
560113,Er y fa dy vel ee cummal ayns Purt le Moirrey,
561113,Vel eh maynrey cummal ayns Doolish?,
562113,Vel eh maynrey gobbragh ayns Doolish?,
563113,Er-lhiam dy vel eh maynrey,
564113,Er-lhiam nagh vel eh,
565113,Er-lhiam nagh vel eh feayr,
566113,Cre'n fa ta Breeshey maynrey?,
567113,Cre'n fa t'eh maynrey cummal ayns Doolish?,
569113,Cre'n fa t'eh roie?,
570113,Cre’n fa nagh vel eh maynrey cummal ayns Doolish?,
571113,Cre'n fa nagh vel eh maynrey,
572113,Cre'n fa nagh vel Juan maynrey?,
573113,Cre’n traa?,
574113,Cre’n laa?,
575113,Ta mee geearree cummal ayns Colby,
576113,Ta mee goll dys Doolish,
577113,Vel Orry gobbragh ayns Doolish?,
578113,"Cha nel, ta Orry gobbragh ayns Rhumsaa",
579113,Vel Barak Obama cummal ayns Colby?,
580113,"Cha nel, t'eh cummal ayns Washington",
582113,Cha nel oo geearree,
583113,Cha nel moddey aym,
584113,Nagh vel folt ec Voirrey?,
592113,S'mie lesh Voirrey Laksaa,
593113,Cha bee eh ayns shen,
594113,Foddee nagh vel eh feayr,
595113,Mie lhiam gynsagh?,
596113,T'ou skee,
597113,T'eh feer vie,
598113,T’ee keoie,
599113,Ta Voirrey maynrey,
600113,Cha nel mee çhing,
601113,Cha nel oo yindyssagh,
602113,Cha nel eh maynrey,
603113,Cha nel ee skee,
604113,Cha nel Orry feer vie,
605113,Vel mee skee?,
606113,Vel oo maynrey?,
607113,Vel eh braew?,
608113,Vel ee çhing?,
609113,Vel Voirrey keoie?,
610113,Nagh vel mee maynrey?,
611113,Nagh vel oo braew?,
612113,Nagh vel eh feer vie?,
613113,Nagh vel ee skee?,
614113,Nagh vel Voirrey çhing?,
615113,Vel oo cummal ayns Doolish?,
616113,Ta. C’raad t’ou cummal?,
617113,Ta mee cummal ayns Purt Çhiarn,
618113,Vel oo gobbragh ayns Purt Çhiarn?,
619113,Cha nel. Ta mee gobbragh ayns Balley Chashtal,
620113,Vel oo maynrey gobbragh ayns Balley Chashtal?,
621113,Ta. Ta Balley Chashtal yindyssagh,
622113,Vel kayt ayd?,
623113,"Cha nel, agh ta moddey aym",
624113,Vel moddey gorrym ayd?,
625113,Cha nel. Ta moddey doo aym,
626113,Vel gleashtan tappee ayd?,
627113,"Ta, ta Gleashtan tappee aym",
628113,Cha nel gleashtan aym as cha nel moddey aym,
629113,Row oo ayns Doolish riyr?,
631113,Cha row. Va mee ayns Colby riyr,
632113,C’raad v’ou Jedoonee?,
633113,Va mee ayns Doolish. C’raad v’ou Jedoonee?,
634113,Va mee ayns Purt le Moirrey,
635113,Va mee ayns Purt le Moirrey Jemayrt,
636113,Ren oo goll dys ny ratçhyn Jeheiney?,
637113,Ren,
638113,C’raad ren oo goll?,
639113,Ren mee goll dys Creg ny Baa?,
640113,Cha ren mee goll. Quoi ren cosney?,
641113,Ren Guy Martin cosney?,
642113,Kys ta Voirrey?,
643113,T’ee braew,
644113,T’ee maynrey,
645113,T’ee çhing,
646113,Vel Voirrey beggan skee?,
647113,Ta,
648113,Cha nel,
649113,Vel Orry skee?,
650113,Quoi ta çhing?,
651113,Ta Orry çhing,
653113,Kys ta Orry?,
654113,Cha nel eh skee agh t’eh beggan çhing,
656113,T’eh maynrey as skee,
657113,C’raad ta Orry cummal?,
658113,ayns Doolish,
659113,ayns Balley Chashtal,
660113,ayns Purt Çhiarn,
661113,C’raad ta Voirrey cummal?,
662113,C’raad ta Voirrey gobbragh?,
663113,Vel Voirrey maynrey gobbragh ayns Balley Chashtal?,
664113,Vel kayt ec Voirrey?,
666113,Vel moddey jiarg eck?,
667113,Cha nel. Ta moddey bane eck,
668113,Ta. Ta moddey jiarg eck,
669113,Vel gleashtan tappee ec Voirrey?,
670113,Ta. Ta gleashtan tappee ec Voirrey,
671113,Cha nel gleashtan ec Voirrey,
672113,Cha nel. Ta gleashtan moal ec Voirrey,
673113,Vel moddey ec Orry?,
674113,Cha nel moddey echey,
675113,Ta. Ta moddey echey,
676113,Ta. Ta moddey as gleashtan echey,
677113,Vel moddey eck?,
678113,Cha nel. Ta moddey doo eck,
679113,C’raad va Voirrey riyr?,
680113,ayns Colby,
681113,ayns Purt le Moirrey,
682113,C’raad v’ee Jedoonee?,
683113,Row Orry ayns Purt le Moirrey Jedoonee?,
684113,Va,
685113,Cha row,
686113,Cre’n laa va Voirrey ayns Purt le Moirrey,
687113,Jeheiney,
688113,Jesarn,
689113,Jemayrt,
690113,Ren oo gobbragh Jesarn?,
692113,Cre ren oo?,
693113,Ren mee gynsagh Gaelg,
694113,C’raad ren oo gynsagh Gaelg?,
695113,Ren mee gynsagh Gaelg ayns Doolish,
696113,Cha ren mee gynsagh Gaelg Jesarn. Ren mee gobbragh,
697113,Cha ren,
698113,Kys t'ou?,
699113,Ta mee braew ,
700113,Vel oo skee?,
701113,Ta mee beggan skee,
702113,Cha nel mee skee agh ta mee beggan çhing?,
703113,Vel oo?,
704113,"Ta, ta mee beggan çhing",
707113,Cre’n fa s’mie lhiat cummal ayns Doolish?,
707993,Moghrey mie,Good morning
708113,Er y fa dy vel eh mooar,
708435,Fastyr mie,Good afternoon / evening
709113,Er y fa dy vel eh beg. Cre’n fa t’ou maynrey?,
710113,Er y fa dy vel mee cummal ayns Purt Çhiarn,
711113,Cre’n laa ren Orry gynsagh Gaelg?,
712113,Ta mee maynrey er y fa nagh vel mee cummal ayns Purt Çhiarn!,
715113,Jean oo goll dys Rhumsaa Jemayrt?,
716113,Ren Orry gobbragh Jesarn?,
716341,"Hooar Creest baase, dirree Creest veih ny merriu, hig Creest reesht","Christ has died, Christ has risen, Christ will come again"
716546,"Hiarn jean myghin orrin, Chreest jean myghin orrin Hiarn jean myghin orrin","Lord have mercy, Christ have mercy, Lord have mercy"
716550,Dy bannee Jee shiu,God bless
716564,Lhig dooin booise y choyrt da'n Chiarn. Te cooie as cair shen y yannoo,Let us give thanks to the Lord. It is right to give thanks and praise
716568,Trog-jee seose nyn greeaghyn. Ta shin troggal ad seose gys y Chiarn,Lift up your hearts. We lift them up to the Lord
716572,"Hiarn, ayns dty vyghin, clasht rish nyn badjer","Lord, in thy mercy, hear our prayer"
716576,"Hiarn, ta shin credjal","Lord, we believe"
716580,"Eayn Yee, ta goaill ersooyl peccaghyn y theihll, jean myghin orrin","Lamb of God, who takes away the sins of the world, have mercy upon us"
716584,Fuill Chreest,The blood of Christ
716588,"Fuill Chreest, v'er ny gheayrtey er nyn son eu","The Blood of Christ, shed for you"
716592,Corp Chreest,The Body of Christ
716596,"Corp Chreest, v'er ny vrishey er nyn son eu ","The Body of Christ, broken for you"
716600,"Yn Chiarn dy row meriu, as marish dty spyrryd","The Lord be with you, and also with you"
716604,Ta'n Chiarn ayns shoh. Ta'n Spyrryd echey marin,The Lord is here. His spirit is with us
716608,"Shoh Sustal y Chiarn. Moylley dy row dhyts, Chreest ",This is the Gospel of the Lord. Praise be to thee your Christ
716612,Shoh goo yn Chiarn,This is the word of the Lord
716616,Dhyts dy row gloyr as moylley son dy bragh,to you be glory and praise forever
717113,Cha jean,
717270,Booise da Jee,Thanks be to God
717274,"Ayns ennym y Chiarn, Hosanna ayns yn yrjid ","In the name of the Lord, Hosanna in the highest"
717278,Lhig dooin goaill padjer,Let us pray
717929,Braew,Fine
717933,Castreycair,Middling
717941,Kys t'ou? ,How are you?
717945,Mie dy liooar,Good enough (okay)
717949,Oie vie,Good night
717953,Quoi shoh?,Who is this?
717957,Shoh Ffinlo,This is Ffinlo
718113,C’raad ren eh gynsagh Gaelg?,
718741,Gura mie ayd,Thank you (singular)
718745,Slaynt Vie,Good Health (Cheers!)
719113,C’raad nee oo goll?,
720113,ayns Rhumsaa,
721113,ayns Sulby,
722113,Neeym goll dys Shoprite ayns Purt Çhiarn,
723113,Cre ren Voirrey Jesarn?,
724113,Ren ee gobbragh,
725113,Neeym kionnaghey bainney,
726113,Ren ee gynsagh Gaelg,
726128,aeg,young
726140,agglagh,awful
726144,anmagh,late
726148,ching,ill
726152,corree,Angry
726156,dangeragh,dangeorous
726160,deyr,expensive
726164,faitchagh,nervous
726168,granganagh,grumbly
726172,keoie,wild
726176,litcheragh,lazy
726180,maynrey,happy
726184,moal,"slow, sluggish, listless"
726188,nastee,free (of charge)
726192,quaagh,strange
726196,sheelt,sober
726200,tarroogh,busy
726218,anjeeal,breakfast
726222,bee Iddaalagh,Italian food
726236,bee Injinagh,Indian food
726240,bee Sheenagh,Chinese food
726244,bee spiosragh,spicy food
726248,brishtagyn,biscuits
726252,corranyn-bwee,bananas
726266,eeast as spollagyn,fish and chips
726270,feeyn,wine
726274,kirbyl,lunch
726278,mrastyr,tea/afternoon meal
726282,oolyn,eggs
726286,praaseyn,potatoes
726290,scobbey,(a) snack
726294,ushtey vea,whisky
726298,kayt,cat
726302,kiyt,cats
726306,moddey,dog
726310,moddee,dogs
726314,cabbyl,horse
726318,kiyt,cats
726322,moddee,dogs
726326,daa-wheeyl,bike
726330,er y varroose,on the bus
726334,gleashtan,car
727113,Ren ee goll dys Doolish,
728113,Cha jeanym shappal Jemayrt. Neeym shappal Jesarn.,
729113,Bee oo ayns Doolish Jerdein?,
730113,Beeym. C’raad vees oo Jerdein?,
731113,Beeym ayns Colby,
732113,Cre’n laa vees oo ayns Doolish?,
733113,Beeym ayns Doolish Jesarn,
734113,Beeym ayns Purt le Moirrey Jesarn,
735113,Nee Douglas Butty uss?,
736113,She. Ass Uss? Nee Butty uss?,
737113,Cha nee. She Spaainagh mish,
738113,Nagh nee Gobbag uss?,
739113,Cha nee agh she skeet mish!,
740113,Well cha nee skeet mish as she toot agglagh mish,
741113,Mie lhiat cummal ayns Purt Çhiarn?,
742113,S’mie lhiam. Mie lhiat cummal ayns Doolish?,
743113,S’mie lhiam beggan,
744113,Cre s’mie lhiat jannoo Jesarn?,
745113,S’mie lhiam goll shooyl,
746113,C’raad s’mie lhiat shooyl?,
747113,S’mie lhiam shooyl ayns Purt le Moirrey,
748113,Cre’n fa nagh mie lhiat Purt Çhiarn?,
752113,Cha ren,
753113,Ren,
755113,Jeheiney,
756113,Jesarn,
757113,Jedoonee,
758113,Creg ny Baa,
759113,Sulby,
760113,Crosby,
761113,Quoi ren cosney?,
762113,Guy Martin,
763113,Conor Cummins,
764113,Cha nel mee shickyr,
765113,Michael Dunlop,
766113,Mie lesh Voirrey cummal ayns Purt Çhiarn?,
767113,S’mie,
768113,Cha mie,
769113,Mie lesh Orry cummal ayns Doolish?,
770113,S’mie lesh beggan,
771113,Cha mie lesh,
772113,S’mie lesh ram,
773113,Cre s’mie lesh Orry jannoo Jesarn?,
774113,Goll shooyl,
775113,Goll dys Doolish,
776113,Goll dys Rhumsaa,
777113,C’raad s’mie lesh Orry shooyl?,
780113,ayns Doolish,
781113,Nee Douglas Butty Orry?,
782113,She. She Butty eshyn,
783113,Cha nee. She Gobbag eshyn,
784113,Cha nee. She Spaainagh eshyn,
785113,Nee Gobbag Voirrey?,
786113,Cha nee. She Spaainagh ish,
787113,Cha nee. She Butty ish,
788113,She. She Gobbag ish,
789113,Nee Skeet Voirrey?,
790113,Cha nee. Cha nee skeet ish,
791113,Cha nee agh she toot ish,
792113,Nee Toot Orry?,
793113,She. She toot agglagh eshyn,
794113,Cha nee toot eshyn,
795113,Cha nee toot eshyn agh she skeet eshyn,
796113,She. She Skeet Voirrey,
797113,Bee Orry ayns Doolish Jerdein?,
800113,C’raad vees Voirrey Jerdein?,
801113,Bee ee ayns Colby,
802113,Bee ee ayns Rhumsaa,
803113,Bee ee ayns Doolish,
804113,Cre’n laa vees Voirrey ayns Doolish?,
807113,C’raad vees Orry Jesarn?,
809113,Colby,
811113,Jean Orry shappal Jesarn?,
812113,Cha jean. Nee eh shappal Jemayrt,
814113,Cre’n laa nee Voirrey shappal?,
815113,Jemayrt,
816113,Jecrean,
817113,Jean Orry shappal ayns Doolish?,
818113,Cha jean. Nee eh shappal ayns Purt Çhiarn,
820113,Nee eh,
821113,Cre nee eh kionnaghey?,
821205,Goll as gaccan,Going and grumbling
821209,Slane lhiat,Goodbye
821213,Hee'm oo,I'll see you (to one person)
821217,C'raad t'ou cummal?,Where do you live?
821221,Ta mee cummal ayns Ellan Vannin,I live in the Isle of Man
821225,Ta mee cummal ayns Doolish,I live in Douglas
821229,Purt Chiarn,Port Erin
821233,Purt le Moirrey,Port St Mary
821237,Purt ny Hinshey,Peel
821241,Balley Chashtal,Castletown
821245,Rhumsaa,Ramsey
821249,Kione Droghad,Onchan
821253,Balley ny Loghey,Ballaugh
821257,Laksaa,Laxey
821261,By vie lhiat jough?,Would you like a drink?
821265,By vie lhiat caffee?,Would you like coffee?
821269,By vie lhiat ushtey?,Would you like water?
821273,By vie lhiat bainney?,Would you like milk?
821277,By vie lhiat tey?,Would you like tea?
821281,By vie lhiat lhune?,Would you like beer?
821285,By vie lhiam feeyn,I would like wine
821289,My sailt,Please
822113,Bainney,
823113,Ushtey,
825113,Cre’n fa s’mie lesh Orry cummal ayns Doolish?,
826113,Cre’n fa nagh mie lesh Orry Purt Çhiarn?,
827113,Cre’n fa ta Voirrey maynrey?,
828113,Cre’n fa ta Orry maynrey?,
829113,er y fa dy vel eh mooar,
830113,er y fa dy vel eh beg,
831113,er y fa dy vel eh gobbragh ayns shen,
832113,er y fa dy vel Voirrey cummal ayns shen,
833113,er y fa dy vel ee cummal ayns Purt Çhiarn,
835113,er y fa dy vel ee gobbragh ayns Balley Chashtal,
836113,er y fa nagh vel eh cummal ayns Purt Çhiarn,
837113,er y fa nagh vel eh gobbragh ayns Purt Çhiarn,
838113,er y fa nagh vel Voirrey cummal ayns Doolish,
839113,Kionedroghad,
841113,Ta argid eck,
842113,ec yn thie-fillym,
843113,Cha nee Bretnagh ish,
844113,Yn çhiaghtin shoh,
845113,Cha jean agh neeym goll Jerdein,
846113,Creneash,
847113,Shoh Creneash,
848113,Shoh Balley Sallagh,
850113,Shoh Skylley Vreeshey,
851113,Shoh Meayll,
852113,Shoh Straid Gheinnee,
853113,Shoh Kione ny h-Ayrey,
854113,Meayll,
855113,Balley Sallagh,
856113,Skylley Vreeshey,
857113,Mwyllin Doo Aah,
858113,Kione ny h-Ayrey,
859113,Balley ny Loghey,
860113,Straid Gheinnee,
861113,Mie lhiat Meayll?,
862113,S'mie lhiam ram,
864113,"S’mie lhiam ram, t’eh yindyssagh",
865085,ellyneyr,artist
865089,ughtar,author
865093,screeudeyr,secretary
865097,obbree,labourer
865109,ynseyder,teacher
865113,fer-ynsee,male teacher 
865114,Ren oo goll dys Creneash jea?,
865117,ben-ynsee,female teacher 
865121,ynseydagh,student 
865125,kiaulleyder,musician
865129,stiureyder,director 
865133,stiureyder-etlan,pilot 
865137,tendeilagh,waiter
865141,tendeilagh-etlan,flight attendant 
865145,arraneyder,singer 
865149,Çhyndaader,translator
865153,banceyr,banker 
865157,obbrinagh,mechanic
865161,lhee-baagh,vet 
865165,earisheyr,journalist 
865169,troggeyder,builder 
865173,thalhear,tailor 
865177,gaaue,blacksmith 
865181,leighder,lawyer
865185,skeeandagh,scientist 
865189,meoir-shee,policeman or policewoman 
865193,moogheyder-aile,firefighter 
865197,sidoor,soldier 
865201,cloieder,actor
865205,folteyr,hairdresser 
865209,kiaddeyder-troggal,architect 
865213,kiaddeyder-jallooyn,graphic designer 
865217,immanagh-livreyee,delivery driver 
865221,eirinagh,farmer
865225,eeasteyr,fisherman 
865229,buitÇhoor,butcher 
865233,politickeyr,politician 
865237,fer y phost,postal worker 
865241,coagyrey,cook 
865245,fuinneyder,baker 
865249,troailtagh-spoar,astronaut 
865305,arran greddan,toast
865309,arroo-millish,sweetcorn
865313,bainney,milk 
865317,bee,food 
865321,beetys,beetroot 
865325,berreen,cake 
865329,berreenyn,cakes
865333,berrishyn,berries 
865337,berrishyn feeyney,grapes 
865341,boteil dy ushtey,bottle of water 
865345,braghtan-pronnag,hot dog 
865349,brishtag,biscuit 
865353,brishtagyn,biscuits 
865357,burgeyr,burger 
865361,caashey,cheese
865365,carradje,carrot 
865369,corran bwee,banana
865373,corranyn bwee,bananas 
865377,crispyn,crisps 
865381,cro-bainney,coconut 
865385,cucower,cucumber 
865389,feeyn,wine 
865393,figgyn,figs 
865397,gless d'ushtey,glass of water 
865401,grine brishey-trostey,breakfast cereal
865405,key riojit,ice cream
865409,leeim,lime 
865413,lettys,lettuce
865417,lhune,beer
865421,limon,lemon
865425,melloon,melon 
865429,miljanyn,sweets 
865433,nannys,pineapple
865437,noirid,orange 
865441,ooyl,apple 
865445,ooyllyn,apples 
865449,ooyl-ghraih,tomato 
865453,ooyllyn-graih,tomatoes 
865457,peear,pear
865461,peesh dy verreen,piece of cake 
865465,peetsey,pizza 
865469,pershagh,peach 
865473,pishyryn,peas 
865477,plumbys,plum 
865481,poanrey,bean 
865485,poanraghyn,beans 
865489,poanraghyn-glass,green beans 
865493,praase,potato 
865497,praaseyn,potatoes
865501,praaseyn millish,sweet potatoes
865505,pronnagyn,sausages 
865509,puiddin,pudding 
865513,puiddin y nollick,christmas pudding 
865517,pumkin,pumpkin 
865521,rio,ice 
865525,shaddag,grapefruit 
865529,shillish,cherry 
865533,shocklaid,chocolate 
865537,soo noirid,orange juice 
865541,sooghyn-crouw,raspberries 
865545,sooghyn-thallooin,strawberries
865549,spollagyn,chips 
865553,unnish,onion
865557,ushtey bolganagh,sparkling water 
865561,yoggyrt,yoghurt 
865565,braghtan,sandwich 
865569,ooh,egg
865573,oohyn,eggs 
865577,nane,one (1)
865581,jees,two (2)
865585,tree,three (3)
865589,kiare,four (4)
865593,queig,five (5)
865597,shey,six (6)
865601,shiaght,seven (7)
865605,hoght,eight (8)
865609,nuy,nine (9)
865613,jeih,ten (10)
865617,nane-jeig,eleven (11)
865621,daa-yeig,twelve (12)
865625,tree-jeig,thirteen (13)
865629,kiare-jeig,fourteen (14)
865633,queig-jeig,fifteen (15)
865637,shey-jeig,sixteen (16)
865641,shiaght-jeig,seventeen (17)
865645,hoght-jeig,eighteen (18)
865649,nuy-jeig,nineteen (19)
865653,feed,twenty (20)
866073,doo,black
866077,dhone,brown
866081,doo-ghorrym,dark bliue
866085,bane-ghorrym,light blue 
866089,geayney,green
866093,lheeah,grey
866097,jiarg-bwee,orange
866101,jiarg,red
866105,jiarg-bane,pink
866109,jiarg-gorrym,purple
866113,bane,white
866114,Cha ren agh neeym goll mairagh,
866117,bwee,yellow
866121,airh,gold
866125,argid,silver
866129,ooha,bronze
866145,faasaag,beard
866149,folt,hair 
866153,cleaysh,ear
866157,stroin,nose
866161,sooill,eye
866165,sooillyn,eyes
866169,mollee,eyebrow
866173,molleeyn,eyebrows
866177,mwannal,neck
866181,kione,head
866185,beeal,mouth 
866189,feeacklyn,teeth
866193,chengey,tongue
866197,dreeym,back
866201,corp,body
866205,roih,arm
866209,uillin,elbow
866213,mwannal-laue,wrist
866217,meir,fingers
866221,ordaag,thumb
866225,yngin,fingernail
866229,laue,hand
866233,lurgey,leg
866237,glioon,knee
866241,abane,ankle
866245,cass,foot
866249,meir-coshey,toes
866253,boyn,heel
866257,bolg,stomach
866261,cree,heart
866265,inÇhyn,brain
866269,crackan,skin
866273,eddin,face
866277,glaare-eddin,forehead
866281,smeggyl,chin
866285,gansee,jumper
866289,lheiney-t,t-shirt
866293,lheiney,shirt
866297,boandey,tie
866301,jaggad,jacket
866305,troosyn,trousers
866309,troosyn-cuttagh,shorts
866313,jeenyn,jeans
866317,cullee,suit
866321,gooyn,dress
866325,rumbyl,skirt
866329,troosyn-snaue,swimming shorts
866333,cullee-snaue,swimming costume
866341,carraneyn,sandals
866345,carraneyn-thie,slippers 
866349,yeeal-vraggey,shoelace
866353,braagyn,shoes
866357,braagyn-spoyrt,trainers 
866361,oashyryn,socks 
866365,bootsyn,boots
866369,carraneyn-traie,flip-flops
866373,fo-hroosyn,underpants
866377,braa,bra
866381,cryss,belt
866385,cramman,button 
866389,speckleyryn,glasses
866393,sooillaghyn-lhiantagh,contact lenses
866397,fainey,ring
866401,fainaghyn-cleayshey,earrings
866405,braishleid,bracelet 
866409,ooreyder,watch
866413,wollad,wallet
866417,poagey-laue,handbag
866421,scaaliaghee,umbrella
866425,cooat-fliaghee,raincoat
866429,laueanyn,gloves
866433,bussal-mwannal,scarf
866437,edd,hat
866441,bayrn,cap
866445,eaddagh,clothes
866449,sporran,purse
866487,lhiass-vraar,stepbrother
866491,lieh-vraar,half-brother
866495,lhiass-huyr,step sister
866499,lieh-huyr,half-sister 
866503,lhiass-vummig,step mum
866507,lhiass-voir,step mother 
866511,lhiass-yishig,step dad
866515,lhiass-ayr,step father
866519,mummig,mum 
866523,moir,mother
866527,naunt,aunt
866531,naim,uncle
866535,mac,son
866539,inneen,daughter
866543,shaner,grandfather 
866547,mwarree,grandmother
866551,shenn-warree,great grandmother 
866555,shenn-shaner,great grandfather
866559,oe,grandchild
866563,oe-neen,granddaughter
866567,oe-mac,grandson 
866571,aa-oe,great grandchild 
866575,shuyr,sister 
866579,braar,brother 
866583,jishig,dad 
866595,ayr,father 
866599,moir 'sy leigh,mother in law 
866603,ayr 'sy leigh,father in law 
866607,braar 'sy leigh,brother in law
866611,shuyr 'sy leigh,sister in law
866615,mac-braarey,nephew (brother's son)
866619,mac-shayrey,nephew (sister's son)
866623,inneen-vraarey,niece (brother's daughter)
866627,inneen-shayrey,niece (sister's daughter)
866631,braaraghyn,brothers
866635,shuyraghyn,sisters
866639,moiraghyn,mothers
866643,mummigyn,mums 
866647,ayraghyn,fathers 
866651,jishigyn,dads
866655,paarantyn,parents
866659,ta braar aym,i have a brother 
866663,ta un vraar aym,i have one brother 
866667,ta daa vraar aym,i have two brothers 
866671,ta three braaraghyn aym,i have three brothers 
866675,ta shuyr aym,i have a sister 
866679,ta un shuyr aym,i have one sister 
866683,ta daa huyr aym,i have two sisters 
866687,ta three shuyraghyn aym,i have three sisters 
866691,ta un vraar as daa huyr aym,i have one brother and two sisters
866695,ta daa vraar as un shuyr aym,i have two brothers and one sister
866699,cha nel braaraghyn aym,i don't have brothers 
866703,cha nel braaraghyn aym agh ta shuyraghyn aym,i don't have brothers but i have sisters
866707,ta kiare braaraghyn aym,i have four brothers 
866711,ta kiare shuyraghyn aym,i have four sisters
867113,Ren oo goll dys Balley Sallagh jea?,
867148,soie sheese,sit down 
867152,stap,stop
867156,gleash,move
867160,ny gleash,don't move
867164,tar dys shoh,come here
867168,bee dty host,be quiet 
867172,lhie sheese,lie down 
867176,shass seose,stand up 
867180,chyndaa mygeayrt,turn around
867184,tar neose,come down 
867188,cur dou eh,give it to me 
867192,yn afghanistaan,afghanistan
867196,yn argenteen,argentina
867200,yn austrail,australia
867204,yn austeyr,austria
867208,y vangladesh,bangladesh
867212,y velg,belgium 
867216,y vrasseel,brazil 
867220,y vritaan ,brittany
867224,y chanadey,canada 
867228,y Çhillee,chile
867232,y Çheen,china 
867236,y cholombey,colomba 
867240,y chorn,cornwall
867244,y choobey,cuba 
867248,y danvarg,denmark 
867252,yn eajipt,egypt 
867256,sostyn,england 
867260,yn eetoip,ethiopia
867264,finnlynn,finland 
867268,y rank,france 
867272,y ghermaan,germany 
867276,y ghreag,greece 
867280,greenlynn,greenland 
867284,yn ungaar,hungary 
867288,yn eeslynn,iceland 
867292,yn injey,india 
867296,in indoneesh,indonesia 
867300,yn eeran,iran 
867304,yn earack,iraq 
867308,ellan vannin,the isle of man 
867312,nalbin,scotland 
867316,nerin,ireland 
867320,yn ellan skianagh,the isle of skye 
867324,israel,israel 
867328,yn iddaal,italy 
867332,jamaikey,jamaica 
867336,y Çhapaan,japan
867340,meksico,mexico 
867344,y Çheer injil,the netherlands 
867348,y teelynn noa,new zealand 
867352,norlynn/ loghlynn,norway 
867356,ny h-ellanyn philippeenagh,philippines
867360,y pholynn,poland 
867364,y phortingal,portugal 
867368,y roosh,russia 
867372,yn araab saudi,saudi arabia 
867376,yn affrick yiass,south africa
867380,y spaainey,spain 
867384,y toolynn,sweden 
867388,yn elveeish,switzerland 
867392,y taiwaan,taiwan 
867396,y Çheer thai,thailand 
867400,yn ookraan,ukraine 
867404,y reeriaght unnsneysit,the united kingdom 
867408,steatyn unnaneysit america,the united states
867412,y vietnam,vietnam 
867416,y thalloo vretnagh,wales 
867420,graney,ugly 
867424,follym,empty 
867428,lane,full 
867432,roauyr,fat 
867436,keyl,thin 
867440,maynrey,happy 
867444,trimshagh,sad 
867448,ard,loud 
867452,feagh,quiet 
867456,foshlit,open 
867460,dooint,closed 
867468,tappee,quick 
867472,runt,round 
867476,giare,short 
867480,ard,tall
867484,lajer,strong 
867488,faase,weak 
867492,creoi,hard 
867496,bog,soft 
867500,fliugh,wet 
867504,chirrym,dry 
867508,shenn,old 
867512,aeg,young 
867516,mooar,big 
867520,beg,small
867524,lhean,wide 
867528,coon,narrow 
867532,jeeragh,straight 
867536,lhoobit,curved 
868113,Ren oo goll dys Balley ny Loghey riyr?,
869113,Ren as neeym goll reesht mairagh,
871113,Cha jeanym agh neeym shappal Jesarn,
873113,Neeym goll shooyl,
876113,Mie lesh Orry shooyl?,
877113,Ren Orry goll dys Rhumsaa riyr?,
878113,Cuin nee Orry goll dys Balley ny Loghey?,
879113,C'raad ta shoh?,
880113,Shoh Mwyllin Doo Aah,
881113,Ta mee shickyr,
882113,Ta mee shickyr dy vel eh feayr,
883113,Ta mee shickyr nagh vel eh feayr,
884113,Cha nel mee shickyr,
885113,C’raad ren Voirrey goll?,
886113,Ren oo goll dys Balley ny Loghey riyr?,
887113,S'mie lhiam as s'mie lhiam Balley ny Loghey,
888113,Cre nee oo mairagh ayns Balley ny Loghey?,
889113,Mie lhiat shooyl?,
890113,Cha nel mee feer vie,
892113,Ren mee goll magh oie Jedoonee,
893113,Vel Voirrey shooyl?,
894113,T’eh shooyl ayns Purt le Moirrey,
895113,Cre t'eh jannoo?,
896113,Shoh Conor Cummins,
897113,"Ta, t'eh cummal ayns Mannin",
898113,Cre’n laa ren Voirrey goll?,
899113,Cre s’mie lhiat?,
900113,S’mie lesh Orry gynsagh Gaelg,
901113,Nee Breeshey geaishtagh rish Radio Vannin,
903113,Gaelgeyr,
904113,Reesht,
905113,Cha mie lhiat spollagyn,
906113,er y fa nagh vel Orry cummal ayns Purt Çhiarn,
907113,Er y fa nagh vel eh feayr,
908113,Gaelg,
909113,Snaue,
910113,Cre nee oo kionnaghey ayns Shoprite?,
911113,Ren Hutchy cosney yn Ratçh Mooar?,
912113,Jean oo shappal ayns Doolish mairagh?,
913113,Beggan,
914113,T'ou geaishtagh rhym,
915113,Ta mee geaishtagh rhyt,
916113,Ta mee geaishtagh rish,
918113,Ta mee geaishtagh rish Breeshey,
920113,Fuirraghtyn rish,
921113,Meeteil rish,
922113,Coardail rish,
924113,Ta mee geaishtagh ree,
925113,Boghtynid,
926113,er y çhellvane,
927113,Quoi t'ou loayrt rish?,
928113,Cre t'ou geaishtagh rish?,
930113,Kiaull,
931113,Kiaull Manninagh,
932113,Vel oo geaishtagh rhym?,
933113,"Cha nel, ta mee geaishtagh ree",
934113,Jean oo meeteil ree mairagh?,
935113,C'raad nee oo meeteil ree?,
936113,C'raad nee oo meeteil rish Orry?,
937113,C'raad nee oo meeteil rhym?,
938113,Neeym meeteil ree ayns Doolish,
939113,Neeym meeteil rish Orry ayns Colby,
940113,Neeym meeteil rhyt ayns Rhumsaa,
941113,Ree,
942113,Rish,
943113,Rhym,
944113,Rhyt,
945113,Agh,
946113,Paays,
947113,Accyrys,
948113,Murran,
949113,Driss,
950113,Dreeys,
952113,Ta accyrys orrym,
953113,Vel paays ort?,
954113,Cha nel murran er,
955113,Nagh vel dreeys urree?,
956113,Ta accyrys er Jonee,
957113,Cre’n driss t’ort?,
958113,Vel murran ort?,
959113,Quoi t'ou jeeaghyn er?,
960113,"Ta, ta Paays orrym",
961113,Vel accyrys ort?,
962113,Cha nel agh ta paays orrym,
963113,"Ta, ta murran orrym",
964113,Ta mee jeeaghyn ort,
965113,Ta mee goll dys Ronague,
967113,orrym,
968113,ort,
969113,urree,
970113,er Jonee,
971113,Geddyn,
972113,Clashtyn,
973113,Roie,
974113,Fakin,
975113,Goaill arrane,
976113,Gollrish,
977113,Perkin,
978113,Eeast,
979113,Dy mie,
980113,Foddym,
981113,Foddee oo gee peetsey,
982113,Foddee eh giu caffee,
983113,Foddee ee gynsagh,
984113,Foddee Jamys clashtyn,
985113,Cha noddym,
986113,Cha nod oo loayrt,
987113,Cha nod eh jeeaghyn,
988113,Cha nod ee shooyl,
989113,Cha nod Laura roie,
990113,Noddym geaishtagh?,
991113,Nod oo fakin?,
992113,Nod oo snaue?,
993113,Cre oddys oo jannoo?,
994113,C’raad oddys oo goll?,
995113,Nod eh goaill arrane?,
996113,Nod ee geddyn bainney?,
997113,Nod Jamys goll magh?,
998113,Nagh noddym roie?,
999113,Nagh nod oo shooyl?,
1000113,Nagh nod eh gee?,
1001113,Nagh nod ee giu?,
1002113,Nagh nod Tony roie?,
1005113,Cha noddym snaue dy mie,
1006113,Foddym snaue gollrish perkin,
1007113,Foddym snaue gollrish eeast,
1008113,Foddee eh,
1009113,Cha nod eh,
1010113,Foddee ee,
1011113,Cha nod ee,
1012113,Foddym loayrt boghtynid,
1013113,Share lhiam Doolish,
1014113,Share lhiat Purt le Moirrey,
1015113,Share lesh Purt ny h-Inshey,
1016113,Share lhee Colby,
1017113,Share lesh Jo Rhumsaa,
1018113,Cha nhare lhiam Doolish,
1019113,Cha nhare lhiat Purt le Moirrey,
1020113,Cha nhare lesh Colby,
1021113,Cha nhare lhee Rhumsaa,
1022113,Cha nhare lesh Bob Laksaa,
1023113,Nhare lhiam loayrt?,
1024113,Nhare lhiat geaishtagh?,
1025113,Nhare lesh oohyn?,
1026113,Nagh nhare lhee soo mess,
1026113,Nhare lhee spollagyn?,
1027113,Nhare lesh Jo Dalby?,
1028113,Nagh nhare lhiam caashey?,
1029113,Nagh nhare lhiat shocklaid?,
1030113,Nagh nhare lesh bainney?,
1033113,Nagh nhare lesh Jo Juan?,
1034113,Caashey,
1035113,Soo mess,
1036113,Shocklaid çheh,
1037113,Oohyn,
1038113,Ooylyn,
1039113,Mess,
1040113,Mynroagan,
1041113,C'raad share lhiat?,
1042113,Quoi share lhiat?,
1044113,Cre share lhiat jannoo?,
1046113,Share lhiam Balley Chashtal,
1047113,Share lhiam Colby,
1048113,Share lhiam Creneash,
1049113,Share lhiam Purt le Moirrey,
1059113,er,
1060113,Vel murran er?,
1061113,Foddym snaue,
1062113,Cha noddym geaishtagh,
1063113,By vie lhiam ooyllyn,
1064113,By vie lhiat goll,
1065113,By vie lesh praaseyn,
1066113,By vie lhee caashey,
1067113,By vie lesh Jo oohyn,
1068113,Cha by vie lhiat giu,
1069113,Cha by vie lesh roie,
1070113,Cha by vie lhee cloie,
1071113,Cha by vie lesh Bob gee,
1072113,By vie lhiam fakin shen?,
1073113,By vie lhiat clashtyn?,
1074113,By vie lesh goaill arrane?,
1075113,By vie lhee çheet?,
1076113,By vie lesh Jo Dalby?,
1077113,Nagh by vie lhiam eh?,
1078113,Nagh by vie lhiat ee?,
1079113,Nagh by vie lesh oo?,
1080113,Nagh by vie lhee shin?,
1081113,Nagh by vie lesh Jo eh?,
1082113,Quoi by vie lesh goll?,
1083113,C’raad by vie lhiat goll?,
1084113,Cuin by vie lhiat gee?,
1085113,By vie,
1086113,Cha by vie,
1087113,Cha by vie lhiam gee,
1088113,Droghad Sulby,
1089113,Share lhiam Droghad Sulby,
1090113,By vie lhiam goll dys Droghad Sulby,
1091113,Cronk y Voddy,
1094113,Bayr Garroo,
1097113,Rheynn Cullen,
1098113,Share lhiam Rheynn Cullen,
1101113,C'raad by vie lhiat goll mleeaney?,
1102113,C’raad share lhiat fakin ny ratçhyn?,
1103113,Mleeaney,
1104113,Vel oo goll dys ny ratçhyn mleeaney?,
1105113,Nod oo goll dys ny ratçhyn mleeaney?,
1106113,Quoi by vie lhiat cosney mleeaney?,
1108113,By vie lhiam Guy Martin,
1109113,By vie lhiam Hutchy,
1111113,Droghad Vraddan,
1112113,By vie lhiat fakin ny ratçhyn mleeaney?,
1113113,Bare lhiam ooyllyn,
1114113,Bare lhiat Doolish,
1115113,Bare lesh praaseyn,
1116113,Bare lhee caashey,
1117113,Bare lesh Jo oohyn,
1118113,Cha bare lhiam gee,
1119113,Cha bare lhiat giu,
1120113,Cha bare lhee cloie,
1121113,Cha bare lesh goaill arrane,
1122113,Cha bare lesh Bob gobbragh,
1123113,Bare lhiam fakin shen?,
1124113,Bare lhiat clashtyn kiaull?,
1125113,Bare lesh goaill arrane?,
1126113,Bare lhee çheet?,
1127113,Bare lesh Jo Dalby?,
1128113,Nagh bare lhiam eh?,
1129113,Nagh bare lhiat ee?,
1130113,Nagh bare lesh oo?,
1131113,Nagh bare lhee shin?,
1132113,Nagh bare lesh Jo spollagyn?,
1133113,Quoi bare lesh goll?,
1134113,C’raad bare lhiat giu?,
1135113,C’raad bare lhee shooyl?,
1140113,C'raad bare lhiat cummal?,
1141113,Bare lhiam cummal ayns Purt le Moirrey,
1142113,Bare lhiam cummal ayns Colby,
1143113,Shegin dou goll,
1144113,Shegin dhyt gee,
1145113,Shegin da cloie,
1146113,Shegin jee giu,
1147113,Shegin da Jo clashtyn,
1148113,Cha nhegin dou çheet,
1149113,Cha nhegin dhyt shooyl,
1150113,Cha nhegin da jeeaghyn,
1151113,Cha nhegin jee loayrt,
1152113,Cha nhegin da Tom giu,
1153113,Nhegin dou goll magh?,
1154113,Nhegin dhyt fakin?,
1155113,Nhegin da gobbragh?,
1156113,Nhegin jee gimman?,
1158113,Nagh nhegin dou gee?,
1159113,Nagh nhegin dhyt goll?,
1160113,Nagh nhegin da roie?,
1161113,Nagh nhegin jee giu?,
1162113,Nagh nhegin da Jonee çheet?,
1163113,C’red shegin dhyt jannoo?,
1164113,C’raad shegin da goll?,
1165113,Quoi shegin da gimman?,
1166113,Shegin dou gobbragh,
1167113,Shegin da goll dys Colby,
1168113,Shegin jee gimman,
1169113,Shegin,
1170113,Cha nhegin,
1171113,Shione dou Juan,
1172113,Cha nhione dou Dollyn,
1173113,Nhione dhyt Juan?,
1174113,Nagh nhione dhyt Dollyn?,
1175113,Shione,
1176113,Cha nhione,
1177113,Faggys da,
1180113,Vel Bob cummal faggys jee?,
1181113,"Ta, t’eh cummal faggys jee",
1182113,Dou,
1183113,Dhyt,
1184113,Da,
1185113,Jee,
1186113,yn jiass,
1187113,yn twoaie,
1188113,T’eh ny smoo,
1189113,T’eh ny sloo,
1190113,T’eh ny smoo tappee,
1191113,T’eh ny smoo çhing,
1192113,Ta’n gleashtan aym ny smoo tappee,
1193113,Ta’n thie ny smoo çheh moghrey jiu,
1194113,T’eh ny smoo na mish,
1196113,T’eh ny smoo feayr na uss,
1200113,Va mee ny smoo tappee na eshyn,
1201113,Beeym ny share mairagh,
1202113,Çheh,
1203113,Vel eh ny smoo çheh ayns Colby?,
1204113,"Ta, t’eh ny smoo çheh",
1205113,"Ta, t'eh ny smoo feayr ayns Regaby",
1206113,Vel eh ny smoo feayr ayns Regaby?,
1207113,Vel eh ny smoo dangeyragh ayns Doolish?,
1208113,Cha nel eh dangeyragh ayns Doolish,
1209113,Barool Twoaie,
1210113,Barrool Jiass,
1211113,Sniaul,
1216113,My,
1217113,Dty,
1218113,Daa,
1219113,Baatey,
1220113,My vaatey,
1222113,Carrey,
1223113,My charrey,
1225113,Çhellvane,
1226113,My hellvane,
1227113,Dorrys,
1228113,My ghorrys,
1229113,My 'olt,
1230113,Garey,
1231113,My gharey,
1235113,My chayt,
1236113,Ta daa chayt aym,
1238113,Ta daa voddey aym,
1239113,My pherkin,
1241113,Shuyr,
1242113,My huyr,
1244113,My hie,
1249113,Ta daa hie aym,
1250113,Ta daa voddey ayns my gharey,
1252113,Kys t’ou Yuan?,
1253113,Kys t’ou Hom?,
1254113,Kys t’ou Vreeshey?,
1255113,Kys t’ou Pherick?,
1256113,Shoh Juan,
1257113,Shoh Breeshey,
1258113,Shoh Tom,
1259113,Shoh Perick,
1260113,Mooinjer Veggey,
1261113,Fastyr mie Vooinjer Veggey,
1262113,Moghrey mie Vooinjer Veggey,
1263113,Oie vie Vooinjer Veggey,
1264113,Kione Ghoolish,
1266113,Traie Phurt Çhiarn,
1267113,Lhie,
1268113,Soie,
1269113,Cadley,
1270113,Shassoo,
1271113,Tost,
1272113,Taaue,
1273113,Lomarcan,
1274113,Ta mee my Vanninagh,
1275113,T'ou dty Albinagh,
1276113,T'eh ny Vretnagh,
1277113,T'ee ny Bretnagh,
1283113,Vel oo dty ynseyder?,
1290113,Ta mee my chadley (cadley),
1291113,T'eh ny hassoo (shassoo),
1292113,T'ee ny lhie,
1294113,T'eh ny haaue,
1297113,Vel eh ny Vretnagh?,
1298113,Vel oo dty Vanninagh?,
1299113,T'ou dty hoie (soie),
1300113,Kione,
1301113,Bun,
1302113,Mullagh,
1303113,Fo,
1304113,er  y,
1305113,ayns y,
1306113,fo'n,
1307113,er y vaatey,
1311113,er y dorrys,
1314113,er y voddey,
1316113,er y traid,
1317113,er y pherkin,
1318113,Straid,
1319113,Slieau,
1320113,er y clieau,
1321113,C'raad ta Bob?,
1323113,C'raad ta Jonee?,
1324113,T'ee er y vaatey,
1325113,T'ee ayns y gharey,
1326113,T'eh ayns y thie,
1329113,T'ee ec kione y gharey,
1330113,T'eh er y traid,
1331113,T'eh er mullagh y clieau,
1339113,ec y,
1340113,er y thie,
1341113,Ta mee credjal,
1342113,ny smoo tappee,
1343113,Quoi ta ny smoo tappee er y clieau?,
1344113,Vel Cummins ny smoo tappee na McGuinness?,
1351113,C'raad ta dty voddey?,
1352113,T'eh ayns my hie,
1353113,T'eh ayns my gharey,
1354113,T'eh ayns my vaatey,
1355113,Mie lhiat Shocklaid çheh ?,
1356113,S’mie,
1357113,Cre share lhiat: Marmalade ny Marmite?,
1358113,Share lhiam Marmalade,
1359113,S'mie lhiam yn jees,
1360113,Cha mie lhiam Marmite,
1361113,T'ou quaagh agglagh gal,
1362113,Jean oo meeteil rish Jonee jiu?,
1363113,Neeym,
1364113,C'raad nee oo meeteil ree?,
1366113,Ren mee loayrt ree jea,
1367113,C’raad?,
1368113,er y çhellvane,
1369113,Vel accyrys ort?,
1370113,Cha nel agh ta paays orrym,
1371113,C'red t'ou geearree giu?,
1372113,Ta mee geearree ushtey,
1373113,Vel?,
1374113,"Ta, as ta driss orrym",
1375113,Ta accyrys agglagh orrym,
1376113,Nod oo snaue?,
1378113,Cha noddym. Nod oo?,
1379113,Foddym,
1380113,Foddym,
1381113,Nod oo snaue dy mie?,
1382113,Gollrish eeast,
1383113,Nod oo snaue gollrish Perkin?,
1384113,By vie lhiat jough?,
1385113,"By vie, gura mie ayd",
1386113,Cre by vie lhiat?,
1387113,By vie lhiam bainney my sailt,
1388113,Nagh by vie lhiat caffee?,
1389113,Cha by vie. Share lhiam bainney,
1390113,Share lhiam caffee doo,
1391113,C’raad bare lhiat cummal: Doolish ny Colby?,
1392113,Bare lhiam Doolish. As oo hene?,
1393113,Bare lhiam cummal ayns Colby,
1394113,Cre'n fa Colby?,
1395113,er y fa dy vel eh beg,
1396113,Share lhiam Doolish er y fa dy vel eh mooar,
1397113,Cre shegin dhyt jannoo jiu?,
1398113,Shegin dou goll dys Doolish,
1399113,Cre'n fa?,
1400113,Shegin dou loayrt rish Bob,
1401113,Cha nhione dou Bob,
1402113,Shione dou Bob dy mie,
1403113,Shegin dou shappal jiu,
1404113,Vel yn jiass ny share na'n twoaie?,
1405113,Er-lhiam dy vel,
1406113,Agh vel Ballabeg ny share na Rhumsaa?,
1407113,Er-lhiam nagh vel,
1408113,Cre'n fa nagh vel?,
1409113,Er y fa dy Rhumsaa ny smoo çheh,
1410113,My lhiat my hie?,
1411113,S'mie agh share lhiam thie Vreeshey,
1412113,Cre mychione my vaatey?,
1413113,Cre mychoine my phatio?,
1414113,Ta shen braew agh share lhiam baatey Yonee,
1415113,S'mie lhiam dty phatio as dty gharey,
1417113,By vie agh cha noddym,
1418113,S’bastagh shen,
1419113,Dy Jarroo. C’raad nee oo goll?,
1420113,Neeym goll dys Droghad Vraddan,
1421113,T’eh yindyssagh ec Droghad Vraddan,
1422113,Vel oo dty Vanninagh?,
1424113,As mee hene. Vel oo dty vleb?,
1425113,Ta mee my vleb nish as reesht,
1426113,Vel?,
1427113,Ta. Ass oo hene?,
1428113,Cha nel mee my vleb,
1429113,Quoi shen ayns dty phatio?,
1430113,Ta my voddey ayns my phatio,
1431113,Vel moddey ayd?,
1432113,Ta daa voddey aym,
1433113,C'raad ta'n moddey elley?,
1434113,T'eh er y clieau marish my huyr,
1435113,Ta Cummins feer tappee er y clieau,
1436113,T'eh tappee agglagh,
1437113,Vel Guy Martin ny smoo tappee?,
1438113,Ta mee shickyr dy vel,
1439113,Cha mie lhiam gimman er y clieau,
1441113,Er-lhiam dy vel eh beggan danjeragh,
1442113,Jough,
1443113,T'eh ec kione y traid,
1444113,Cre by vie lesh Orry?,
1445113,Cre share lesh Voirrey?,
1446113,Mie lesh Voirrey Shocklaid?,
1447113,Cre share lhee?,
1448113,Marmalade,
1449113,Marmite,
1450113,Veg,
1451113,Mie lhee Marmite?,
1452113,Quoi nee Orry meeteil rish?,
1453113,Voirrey,
1454113,Jonee,
1455113,Breeshey,
1456113,C'raad nee eh meeteil ree?,
1458113,Vel accrys er Orry?,
1459113,C'red t'eh geearree giu?,
1460113,Vel driss er Voirrey?,
1461113,Nod Voirrey snaue?,
1462113,Nod Orry snaue dy mie?,
1463113,Nod Orry snaue Gollrish perkin?,
1464113,Foddee eh snaue gollrish eeast,
1465113,C'raad bare lesh Voirrey cummal?,
1466113,C'raad bare lesh Orry cummal?,
1467113,Cre'n fa bare lesh Colby?,
1468113,C'raad shegin da Voirrey goll?,
1469113,Nhione da Orry Bob?,
1470113,Cre shegin da Orry jannoo?,
1471113,Shappal,
1472113,Nhare lesh Orry yn Jiass?,
1473113,Share,
1474113,Cha nhare,
1475113,Nhare lesh Orry Ballabeg?,
1476113,Cre'n thie share lesh Voirrey?,
1477113,Thie Yonee,
1478113,Thie Vreeshey,
1479113,Thie Orry,
1480113,Cre'n baatey share lesh Voirrey?,
1481113,Baatey  Vreeshey,
1482113,Baatey  Yonee,
1483113,Baatey Orry,
1485113,Vel Orry ny Vanninagh?,
1486113,Vel eh ny vleb?,
1487113,Nish as reesht,
1489113,Vel Voirrey ny bleb?,
1490113,Quoi ayns Patio Orry?,
1491113,Moddey Orry,
1492113,Kayt Orry,
1493113,Muc Orry,
1495113,"Ta, ta daa voddey echey?",
1496113,C'raad ta'n moddey elley?,
1497113,er y vaatey,
1498113,er y traid,
1499113,Vel Voirrey goll dys ny ratçhyn?,
1500113,Vel ee geearree goll dys ny ratçhyn?,
1501113,C’raad nee Orry goll?,
1502113,Vel Cummins feer tappee er y clieau?,
1504113,Mie lesh Voirrey gimman er y clieau?,
1505113,Ta Cummins ny smoo tappee er y clieau,
1507113,Ta Guy Martin ny smoo tappee er y clieau,
1508113,Ta John McGuinness ny smoo tappee er y clieau,
1509113,Ta mee credjal dy vel,
1510113,Ta mee credjal nagh vel,
1511113,By vie lhiam cummal ayns Colby,
1512113,By vie lhiam cummal ayns Doolish,
1513113,By vie lhiam cummal ayns Laksaa,
1514113,By vie lhiam cummal ayns Purt ny h-Inshey,
1515113,By vie lhiam cummal ayns Purt le Moirrey,
1516113,C’raad by vie lhiat cummal?,
1517113,Ta mee geaishtagh rish kiaull Manninagh,
1518113,Ta mee geaishtagh rish boghtynid,
1519113,Ta mee loayrt ree,
1520113,Ta mee loayrt rish Breeshey,
1521113,C’raad share lhiat: Balley Chashtal ny Crosby?,
1522113,C’raad share lhiat: Doolish ny Colby?,
1523113,C’raad share lhiat: Purt le Moirrey ny Regaby?,
1524113,C’raad share lhiat: Sulby ny Creneash?,
1525113,Traie,
1526113,Traie Phurt ny h-Inshey,
1527113,Stashoon Valley Sallagh,
1528113,Stashoon Valley Chashtal,
1529113,Stashoon,
1530113,Cha row ee maynrey,
1531113,Droghad Valley ny Loghey,
1532113,Jeeragh Sulby,
1533113,Droghad y Cherroo,
1534113,Droghad y Chiannoort,
1535113,Croit Tate,
1536113,Ren oo goll dys Creg ny Baa?,
1537113,Cha ren,
1538113,Ren,
1539113,Ren oo fakin Cummins er y clieau?,
1540113,Jean oo goll dys Jeeragh Sulby mleeaney?,
1541113,Neeym,
1543113,Jean oo goll dys Croit Tate?,
1544113,Mie lhiat Droghad Sulby?,
1545113,Mie lhiat Droghad y Cherroo?,
1546113,S’mie lhiam,
1547113,Cha mie lhiam,
1548113,Cha jeanym,
1549113,Nhare lhee spollagyn?,
1550113,Bare lhiam cummal ayns Doolish,
1551113,Bare lhiam cummal ayns Purt ny h-Inshey,
1552113,Nhegin da Jonee çheet?,
1553113,Vel Barool Twoaie ny smoo na Sniaul,
1555113,T'eh er y clieau,
1556113,T'ee ec y dorrys,
1557113,Mie lesh Voirrey Patio Orry?,
1558113,By vie lhiam goll dys Droghad Vraddan,
1559113,Vel Barool Twoaie ny smoo na Barrool Jiass,
1560113,Shione da Bob Orry,
1561113,C’raad ren ee loayrt ree jea?,
1562113,Cre'n fa nagh vel?,
1563113,Quaagh,
1564113,Feer çheh,
1565113,Feer vaynrey,
1566113,Aarloo,
1567113,Veign braew,
1568113,Veagh oo çhing,
1569113,Veagh eh feer vie,
1570113,Veagh ee skee,
1571113,Veagh Ned moal,
1572113,Cha beign anmagh,
1573113,Cha beagh oo tappee,
1574113,Cha beagh eh feer vie,
1575113,Cha beagh ee skee,
1576113,Cha beagh Juan quaagh,
1577113,Beign er y varroose?,
1578113,Beagh oo ec y thie fillym?,
1579113,Beagh eh ayns Colby?,
1580113,Beagh ee er y vaatey?,
1581113,Beagh Jamys ayns Dalby?,
1582113,Nagh beign moal?,
1583113,Nagh beagh eh çheh?,
1584113,Nagh beagh ee çhing?,
1585113,Nagh beagh Paayl feayr?,
1586113,Er-lhiam dy beagh eh braew,
1587113,Cuin veagh oo ayns Doolish?,
1588113,Cuin veagh oo aarloo?,
1589113,Nagh beagh oo skee?,
1590113,Veign,
1591113,Er-lhiam dy beign,
1592113,Cha  beign,
1594113,Cha beagh eh,
1595113,Veagh ee,
1596113,Cha beagh ee,
1597113,Beagh oo feer vaynrey ayns Regaby?,
1598113,Beagh oo feer çheh ayns Ballabeg?,
1599113,Beagh oo maynrey cummal ayns Paris?,
1600113,Beagh Angelina Jolie maynrey cummal ayns Crosby?,
1601113,Beagh Brad Pitt maynrey cummal ayns Colby?,
1602113,Beagh oo çheh ayns Regaby?,
1603113,Veign feer vaynrey ayns Regaby,
1604113,Beagh oo maynrey cummal ayns LA?,
1606113,Beagh oo ny smoo maynrey ayns Berlin?,
1607113,Er-lhiam dy beagh,
1608113,Er-lhiam nagh beagh,
1610113,Girree,
1611113,Gyllagh,
1612113,Mongey,
1613113,Yinnin gimman,
1614113,Yinnagh oo loayrt,
1615113,Yinnagh eh giu caffee,
1616113,Yinnagh ee gynsagh,
1617113,Yinnagh Maayl gyllagh,
1618113,Cha jinnin roie,
1619113,Cha jinnagh oo gee,
1620113,Cha jinnagh eh giu,
1621113,Cha jinnagh ee shooyl,
1622113,Cha jinnagh Steoin roie,
1623113,Jinnin gynsagh?,
1624113,Jinnagh oo gee?,
1625113,C'raad yinnagh oo gee?,
1626113,Jinnagh eh giu?,
1627113,Jinnagh ee gobbragh?,
1628113,Jinnagh Jamys goll magh?,
1629113,Nagh jinnin roie?,
1630113,Nagh jinnagh oo geaishtagh?,
1631113,Nagh jinnagh eh girree?,
1633113,Nagh jinnagh Jay mongey?,
1634113,Yinnin,
1635113,Cha jinnin,
1636113,Cre yinnagh oo?,
1637113,Cuin yinnagh oo goll magh?,
1638113,Kay,
1639113,Jinnagh oo gimman harrish y clieau?,
1640113,Jinnagh oo gimman harrish y clieau feer tappee?,
1641113,Jinnagh oo gimman harrish y clieau ayns kay?,
1642113,Er-lhiam dy jinnin,
1643113,Er-lhiam nagh jinnin,
1645113,Yinnin gee ayns Doolish,
1646113,Yinnin gynsagh Gaelg,
1647113,Yinnin goll magh mairagh,
1648113,My,
1649113,Mannagh,
1650113,Kayagh,
1651113,Kiune,
1652113,Dorrinagh,
1653113,Fliugh,
1654113,Gearaghtee,
1655113,Tannaghtyn,
1656113,Tannaghtyn sthie,
1657113,Kay riojey,
1658113,Çhellveeish,
1659113,Grianagh,
1660113,My t’eh grianagh,
1661113,Mannagh vel eh grianagh,
1662113,My v’eh maynrey,
1663113,Mannagh row eh maynrey,
1664113,My ren eh goll,
1665113,Mannagh ren eh goll,
1666113,My vees eh kayagh,
1667113,Mannagh bee eh kayagh,
1668113,My nee eh gearaghtee,
1669113,Mannagh jean eh gearaghtee,
1670113,My she dooinney eshyn,
1671113,Mannagh nee dooinney eshyn,
1672113,My s'mie lhiat pizza,
1673113,Mannagh mie lhiat pizza,
1674113,My oddys oo fakin,
1675113,Mannagh nod oo fakin ee,
1676113,Neeym goll dys Rhumsaa,
1677113,Neeym tannaghtyn sthie,
1678113,Neeym goll dys yn traie,
1679113,Neeym jeeaghyn er yn çhellveeish,
1680113,Jean oo goll er y vaatey my vees eh dorrininagh?,
1681113,Jean oo gimman my vees eh kayagh?,
1682113,Jean oo gee kay riojey my vees eh feayr?,
1683113,Jean oo gee kay riojey my vees eh çheh?,
1684113,Cre nee oo my vees eh grianagh?,
1685113,Cre nee oo my vees eh fliugh?,
1686113,Dy beign çhing,
1687113,Dy beagh oo anmagh,
1688113,Dy beagh eh ayns shoh,
1689113,Mannagh beign çhing,
1690113,Mannagh beagh oo anmagh,
1691113,Mannagh beagh eh ayns shoh,
1692113,Dy jinnin gee,
1693113,Dy jinnagh oo goll,
1694113,Dy jinnagh eh gearaghtee,
1695113,Mannagh jinnin gee,
1696113,Mannagh jinnagh oo goll,
1697113,Mannagh jinnagh eh gearaghtee,
1698113,Veign maynrey dy beagh Brad Pitt ayns shoh,
1699113,Veign ny smoo maynrey dy beagh oo berçhagh,
1700113,Veign feer vaynrey dy beagh oo ayns shoh,
1701113,Veign feer vaynrey dy beagh oo berçhagh,
1702113,Veagh Angelia maynrey dy beagh Brad ayns shoh,
1703113,Partan,
1704113,Gimmagh,
1705113,rish tammylt,
1706113,er y gherrid,
1707113,Dooney,
1708113,Paagey,
1709113,Baarey,
1710113,Rieau,
1711113,Ta mee er hoie,
1712113,Ta mee er nakin,
1713113,Ta mee er vaarey,
1714113,Ta mee er vongey,
1715113,Ta mee er dannaghtyn,
1716113,Ta mee er chloie,
1717113,Ta mee er jeet,
1718113,Ta mee er ghooney,
1719113,Ta mee er nee,
1720113,Ta mee er nyannoo,
1721113,Ta mee er phaagey,
1722113,C'raad t'ou er ve?,
1723113,Ta mee er ve ayns Paris,
1726113,Che nel mee rieau er ve ayns shen,
1727113,Cha nel mee rieau er nakin eh,
1728113,Vel oo rieau er ve ayns Grenaby?,
1729113,Vel oo rieau er ve ayns Berlin?,
1730113,"Ta, ta mee er ve",
1731113,"Cha nel, cha nel mee er ve",
1732113,C'raad t'ou er ve er y gerrid?,
1734113,Vel oo rieau er nee gimmagh?,
1735113,Cha nel. Cha mie lhiam gimmagh,
1736113,"Ta, ta mee er nee gimmagh er y gherrid",
1737113,"Ta, Ta mee er ve çhing agglagh",
1738113,Cha nel mee er ve çhing rish tammylt,
1739113,Vel oo rieau er nakin Star Wars?,
1740113,"Ta, ta mee er nakin eh",
1741113,Vel oo rieau er nakin yn Taj Mahal,
1742113,Vel oo er ve çhing yn çhiaghtin shoh?,
1743113,"Cha nel, agh ta mee geearree",
1744113,Thie tashtee,
1745113,dy moal,
1746113,dy tappee,
1747113,Goaill toshaight,
1748113,Bee ayns Doolish ec tree,
1749113,Bee mie,
1750113,Ny bee anmagh,
1751113,Ny bee-shiu anmagh,
1753113,Bee-shiu kiune,
1754113,Bee-shiu mie,
1755113,Jean eh nish my sailt,
1756113,Gow/immee,
1757113,Ny gow,
1758113,Tar!,
1759113,Ny tar erash!,
1760113,Abbyr eh!,
1761113,Gow,
1763113,Cur eh,
1764113,Cur eh dou my sailt,
1765113,Bee ayns shoh mairagh,
1766113,Bee ec yn thie-tashtee fastyr mairagh,
1767113,Ny bee trimshagh,
1768113,Ny jean shen my sailt,
1769113,Jean eh dy tappee,
1770113,Gow dys Doolish nish,
1771113,Gow dys Doolish as ny tar erash,
1772113,Gow dys Doolish as ny bee anmagh,
1774113,Abbyr eh ayns Gaelg my sailt,
1775113,Abbyr eh dy moal my sailt,
1776113,Gow toshiaght nish my sailt,
1777113,Cur yn bainney dou my sailt,
1778113,Cur yn bainney dou dy tappee my sailt,
1779113,dy Kiarailagh,
1780113,Iu eh nish my sailt,
1781113,Ee eh dy tappee,
1782113,Ee eh dy moal,
1783113,Iu eh!,
1784113,Mong,
1785113,Mong my sailt,
1786113,Jeeagh er shen!,
1787113,Obbree!,
1788113,Ynsee,
1790113,Shooill,
1791113,Shooill dys Colby,
1792113,Imman,
1793113,Imman dy kiarailagh,
1794113,Imman dy kiarailagh harrish y clieau,
1795113,Ynsee Gaelg!,
1796113,Daa-wheeyl,
1797113,Roar-bree,
1798113,Manannan,
1799113,Yn Moddey Doo,
1800113,Keeill,
1801113,dys y cheeill,
1802113,Etlan,
1803113,Poddash,
1804113,Honnick,
1805113,Cha vaik,
1806113,Hie mee dys Doolish,
1807113,Haink,
1808113,Cha daink,
1809113,Er-lhiam dy jagh,
1810113,Er-lhiam nagh jagh,
1811113,Er-lhiam dy vaik,
1812113,Er-lhiam nagh vaik,
1813113,Er-lhiam dy daink,
1814113,Er-lhiam nagh daink,
1815113,Er-lhiam dy dooar,
1817113,Er-lhiam nagh dooar,
1818113,Dooyrt mee,
1819113,Dooyrt mee dy vel mee braew,
1820113,Dooyrt mee dy daink mee ayns taksee,
1821113,Dooyrt mee dy dooar mee arran,
1822113,Dooyrt mee dy vaik mee Bob,
1823113,Dooyrt mee dy ren mee loayrt rish Bob,
1824113,Dooyrt mee dy row mee ayns Colby,
1825113,Dooyrt mee dy jagh mee thie,
1826113,Cre dooyrt oo?,
1828113,Hie mee dys Purt ny h-Inshey,
1829113,Hie,
1830113,Cha jagh,
1831113,Cha jagh Bob thie,
1832113,Jagh oo dys Colby?,
1833113,Vaik oo Juan jea?,
1834113,Cha vaik mee eh,
1835113,Vaik oo yn fillym?,
1837113,Jagh oo dys Rhumsaa Jesarn?,
1838113,Quoi honnick oo jea?,
1839113,Honnick mee yn Moddey Doo?,
1840113,C'raad honnick oo yn Moddey Doo?,
1841113,Vaik oo Manannan Jedoonee?,
1842113,Honnick mee eh er y traie ayns Purt ny h-Inshey,
1843113,Jagh oo dys y cheeill Jedoonee?,
1844113,Haink mee thie er daa-wheeyl,
1845113,Haink mee thie anmagh,
1846113,Cha daink mee thie ayns taksee,
1847113,Kys haink oo thie?,
1848113,Daink eh thie riyr?,
1849113,Daink oo thie er y varroose?,
1850113,Daink oo erash dys Mannin ayns etlan?,
1851113,Arran,
1852113,Dooar eh arran?,
1853113,Dooar oo arran?,
1854113,Hooar mee arran,
1855113,Dooar oo poddash?,
1857113,Hooar,
1858113,Cha dooar,
1859113,Cre hooar oo ayns Doolish?,
1860113,Hooar mee bainney jea,
1861113,Cha dooar mee veg,
1862113,Vaik ee Juan Jesarn?,
1863113,Haink mee thie er y varroose,
1864113,Cha daink. Haink mee erash er y vaatey,
1865113,Jagh Bob dys Doolish jea?,
1868113,Un thie,
1870113,,
1873113,Lieh lurg jees,
1874113,Ta daa phaitçhey aym,
1875113,Ta daa huyr aym,
1876113,Ta daa vac aym,
1877113,,
1878113,Ta daa voddey ayns my phatio,
1879113,Ta daa pherkin ayns my villey,
1880113,Ta daa ven ayns my vaatey,
1881113,Jees,
1884113,Daa hie,
1885113,,
1887113,Tree,
1888113,Tree thieyn,
1889113,,
1891113,Kiare,
1892113,Kiare-jeig,
1893113,Va mee ruggit er yn chiarroo laa Mee Averil,
1894113,,
1895113,,
1897113,Yn chiarroo,
1898113,Yn chiarroo laa,
1899113,Queig,
1900113,,
1902113,,
1905113,Va mee ruggit er yn çheyoo laa Mean Souree,
1906113,Shey,
1907113,Shey-jeig,
1908113,Yn çheyoo,
1909113,Yn çheyoo laa,
1910113,Feed lurg shey,
1911113,Va mee ruggit er yn çhiaghtoo laa Jerrey Souree,
1912113,Shiaght,
1913113,,
1914113,Shiaght-jeig,
1915113,Yn çhiaghtoo,
1916113,Yn çhiaghtoo laa,
1917113,Hoght,
1918113,Hoght-jeig,
1919113,Va mee ruggit er yn hoghtoo laa Luanistyn,
1921113,Yn hoghtoo,
1922113,Yn hoghtoo laa,
1924113,Nuy,
1925113,Nuy-jeig,
1926113,Neu-nhee,
1927113,Feed,
1929113,Nane-jeig,
1930113,Va mee ruggit er yn chied laa jeig Mee Houney,
1931113,Yn cheid laa jeig,
1933113,Daa-yeig,
1934113,Jeih,
1935113,Yn jeihoo,
1936113,Yn jeihoo laa,
1937113,Tree-jeig,
1938113,Yn trass laa jeig,
1939113,Queig-jeig,
1940113,Va mee ruggit er yn wheiggoo laa Boaldyn,
1941113,Yn wheiggoo,
1942113,Yn wheiggoo laa,
1943113,Braar,
1944113,Quoid braar t'ayd?,
1945113,Ta un vraar aym,
1946113,Mac,
1947113,Deiney,
1948113,Mraane,
1950113,Billey,
1951113,Quoid paitçhey t'ayd?,
1952113,Quoid moddey t'ayd?,
1953113,Quoid thie t'ayd?,
1955113,Quoid shuyr t'ayd?,
1956113,Quoid mac t'ayd?,
1957113,Moir,
1958113,Ayr,
1959113,Inneen,
1960113,Ta un voddey aym,
1961113,Ta un thie aym,
1962113,Yn chied,
1963113,Yn chied laa,
1964113,Va mee ruggit er yn chied laa Jerrey Geuree,
1965113,Yn nah,
1966113,Yn nah laa,
1967113,Va mee ruggit er yn nah laa Toshiaght Arree,
1968113,Yn trass,
1969113,Yn trass laa,
1970113,Va mee ruggit er yn trass laa Mee Vayrnt,
1971113,Yn nuyoo,
1972113,Yn nuyoo laa,
1973113,Va mee ruggit er yn nuyoo laa Mean Fouyir,
1974113,Yn nah laa yeig,
1975113,Yn 'edoo laa,
1976113,Yn hoghtoo laa as feed,
1977113,Laa,
1978113,Mee,
1979113,Va mee ruggit,
1980113,Cuin v'ou ruggit?,
1981113,Jerrey Geuree,
1982113,Toshiaght Arree,
1983113,Mee Vayrnt,
1984113,Mee Averil,
1985113,Boaldyn,
1986113,Mean Souree,
1987113,Jerrey Souree,
1988113,Luanistyn,
1989113,Mean Fouyir,
1990113,Jerrey Fouyir,
1991113,Mee Houney,
1992113,Mee ny Nollick,
1993113,Va mee ruggit er yn nah laa yeig Mee ny Nollick,
1994113,Mysh,
1995113,er y chlag,
1996113,Munlaa,
1997113,Mean oie,
1998113,T’eh bunnys shey,
1999113,Kerroo lurg,
2000113,Kerroo dys,
2001113,Traa dy gholl dy valley,
2002113,Cre’n traa t’eh?,
2004113,Beagh Voirrey maynrey cummal ayns Paris?,
2005113,Cre’n fa nagh beagh ee?,
2006113,C’raad veagh ee ny smoo maynrey?,
2007113,er y fa dy vel eh çheh,
2008113,Jinnagh Orry goll shappal son Voirrey?,
2009113,Cre’n fa nagh jinnagh eh?,
2010113,Cuin nee eh shappal son Voirrey?,
2011113,er y fa dy vel eh çhing,
2012113,er y fa dy vel eh skee,
2013113,er y fa dy vel eh tarroogh,
2014113,Jean Voirrey goll dys y traie?,
2015113,Cre nee ee?,
2016113,C’raad nee ee goll?,
2017113,C’raad yinnagh Orry cummal dy beagh eh berçhagh?,
2018113,C’raad sy twoaie?,
2019113,Cuin va Voirrey ayns Purt ny h-Inshey?,
2020113,C’raad ren Voirrey gee kay-riojey?,
2021113,Cre’n sorçh ren ee gee?,
2022113,Chocolate chip cookie,
2023113,Raspberry ripple,
2024113,Vanilla,
2025113,Quoid paitçhey ec Tommy?,
2026113,Quoid biggin ec Tommy?,
2027113,C’raad hie Voirrey jea?,
2028113,Cre hooar ee?,
2029113,Kys haink ee erash?,
2030113,Cre’n vee va Orry ruggit ayn?,
2031113,Cre’n laa v’eh ruggit?,
2032113,Cre’n vee va Voirrey ruggit ayn?,
2033113,Cre’n traa ta Voirrey goll dy lhie?,
2034113,Cre’n traa t’ee girree sy voghrey?,
2035113,C’red t’ee gee son anjeeal?,
2036113,Cha nel ee gee veg,
2037113,Yinnagh eh,
2038113,Cha jinnagh eh,
2039113,ayns Lewaigue,
2040113,ayns Regaby,
2041113,Cammag,
2043113,Bee as jough,
2044113,ayns taksee,
2046113,Yn chiarroo laa jeig,
2047113,Mysh nane-jeig,
2048113,Mysh shiaght,
2049113,Lieh lurg nane,
2051113,"Cha nel, ta mee cummal ayns Rhumsaa",
2052113,Row oo ayns Ballabeg jea?,
2053113,"Cha row, va mee sthie",
2054113,Kys ta Jonee?,
2055113,C'raad vees oo moghrey mairagh?,
2056113,Beeym ayns Creneash,
2057113,Cre nee oo Jeheiney?,
2058113,Neeym goll shappal,
2059113,Mie lhiat gynsagh Gaelg?,
2060113,S'mie lhiam gynsagh Gaelg…t'eh yindyssagh,
2061113,Cre’n kiaull share lhiat?,
2062113,Share lhiam Jazz,
2063113,Vel oo coardail ree?,
2064113,"Cha nel, ta mee coardail rhyt",
2065113,Cre shegin dhyt jannoo noght?,
2066113,Shegin jee goll dys Regaby,
2067113,Cre shegin da Voirrey jannoo noght?,
2068113,By vie lhiat goll dys Sulby Jecrean?,
2069113,Cha by vie. Bare lhiam goll dys Surby,
2070113,Vel Doolish ny smoo aalin na Laksaa?,
2071113,Cha nel agh ta Purt le Moirrey na smoo aalin na Laksaa,
2072113,Nee toot agglagh Bob?,
2073113,She as she skeet eshyn,
2074113,Vel oo dty vleb?,
2075113,"Cha nel, agh ta mee my hoot",
2076113,Beagh oo maynrey cummal ayns Ballabeg?,
2077113,Neeym goll dys yn twoaie,
2078113,C'raad yinnagh oo cummal dy beagh oo berçhagh?,
2080113,Yinnin cummal ayns y jiass,
2081113,Jagh oo dys Colby jea?,
2082113,Cha jagh. Hie mee dys Doolish,
2083113,Vaik oo Tommy Cregeen jea?,
2084113,Cha vaik agh honnick mee eh Jelune,
2085113,Dooar oo moot ayns Doolish?,
2086113,Cha dooar agh hooar mee nane ayns Regaby,
2087113,Daink oo thie skee riyr?,
2088113,Haink mee thie skee agglagh,
2089113,Shegin dou gynsagh Gaelg,
2090113,sy jiass,
2091113,sy twoaie,
2092113,Heear,
2093113,Hiar,
2094113,Jinnagh oo goll dys ny ratçhyn dy beagh caa ayd?,
2095113,C'raad yinnagh oo goll?,
2096113,C'raad yinnagh oo cummal dy beagh yn argid ayd?,
2097113,Yinnin cummal ayns y twoaie,
2098113,Yinnin cummal sy hiar,
2099113,Yinnin cummal sy heear,
2100113,Yinnin goll dys Creg ny Baa,
2101113,Yinnin goll dys Cronk ny Mona,
2102113,Yinnin goll dys Cronk y Voddee,
2103113,Laghyn seyrey,
2104113,y Rank,
2105113,Nalbin,
2106113,Bretin,
2107113,C'raad yinnagh oo goll er laghyn seyrey dy beagh ram argid ayd?,
2109113,Yinnin goll dys y Rank,
2110113,Yinnin goll dys Nerin,
2111113,Yinnin goll dys Nalbin,
2112113,Yinnin goll dys Bretin,
2113113,Traa dy liooar,
2114113,Skeddan,
2115113,"Spollagyn, chaashey as awree",
2116113,Raad-yiarn lectragh,
2117113,Raad-yiarn Sniaul,
2118113,Shelg yn Drean,
2119113,Cruinnaght,
2120113,Cronk Tinvaal,
2121113,Laa Tinvaal,
2122113,Queeyl Vooar Laksaa,
2123113,Laa yn Ratçh Mooar,
2124113,Troddan Tobbyr Stainney yn theihll,
2125113,Shooyl ny Skeeraghyn,
2127113,Kiare as feed,
2128113,Mannin veg veen,
2129113,Mannin aboo!,
2130113,Moot,
2131113,Hop tu Naa,
2132113,Kys t'ou whooinney?,
2133113,Ghraih veen,
2134113,Illiam boght,
2135113,Jonee voght,
2136113,Shee bannee mee,
2137113,Hee'm oo ny sanmey,
2138113,Kys t'ou ya?,
2139113,Whooinney,
2140113,Shen eh,
2141113,Gobbag Vooar,
2144113,Stubbin,
2145113,Myn-changaroo,
2146113,Nane,
2147113,Va mee ruggit er yn jeihoo laa Jerrey Fouyir,
2153113,Jinnagh oo goll shappal er my hon?,
2154113,Cha jinnin,
2155113,Cre'n fa nagh vel?,
2156113,Ta mee tarroogh,
2157113,Cha nel shen feer vie,
2158113,Neeym shappal er dty hon Jesarn,
2159113,Jean oo goll dys y traie my vees eh grianagh?,
2160113,Cha  jeanym,
2161113,Cre nee oo?,
2162113,My vees eh grianagh neeym goll shappal,
2163113,C’raad?,
2164113,Neeym goll shapppal ayns Rhumaa,
2165113,Dy beagh oo berçhagh c'raad yinnagh oo cummal?,
2166113,Yinnin cummal ayns y twoaie,
2167113,Yinnin cummal ayns Lewaigue,
2168113,Bare lhiam cummal ayns Balley Chashtal,
2169113,Vel oo er ve ayns Purt ny h-Inshey er y gherrid?,
2170113,Va mee ayns shen Jedoonee,
2171113,Vel oo er nee kay-riojey er y gerrid?,
2172113,Ta. Ren mee gee kay-riojey ayns Purt ny h-Inshey,
2173113,Cre'n sorçh?,
2175113,Vel paitçhyn ec Tommy?,
2176113,"Ta, ta un vac echey",
2177113,"Ta, ta un shuyr as daa vraar",
2178113,Vel biggin echey?,
2179113,"Ta, ta daa voddey as un pherkin echey",
2180113,Vel shuyr ny brayr echey?,
2181113,San Francisco,
2182113,Loaghtan,
2183113,America,
2186113,C’raad yinnagh oo goll er laghyn seyrey dy beagh caa ayd?,
2187113,Yinnin goll dys America,
2188113,C’raad ayns America?,
2189113,By vie lhiam goll dys San Francisco,
2190113,Bare lhiam Doolish na San Fransico,
2191113,Yinnin goll dys Nerin,
2192113,Cre hooar oo ayns shen?,
2193113,Hooar mee bee as jough,
2194113,Kys haink oo erash thie?,
2195113,Haink mee thie ayns taksee,
2196113,Cuin v'ou ruggit?,
2197113,Ayns Jerrey Souree,
2198113,As cre'n laa?,
2199113,er y chiarroo laa jeig,
2200113,Va mee ruggit er yn chied laa Mee ny Nollick,
2201113,Cre’n traa t’ou goll dy lhie?,
2202113,Mysh nane-jeig,
2203113,Cre’n traa t’ou girree sy voghrey?,
2204113,Ta mee doostey mysh shey as girree mysh shiaght,
2205113,Cre’n traa t’ou gee anjeeal?,
2206113,Cha nel mee gee anjeeal,
2207113,Er-lhiam dy jinnin goll dys San Francisco,
2208113,Berçhagh,
2209113,Er-lhiam nagh beign,
2210113,Er my hon,
2211113,Er dty hon,
2212113,Geayagh,
2213113,Balley Chashtal,
2214113,Laksaa,
2215113,Nagh abbyr eh,
2216113,Biggin,
2217113,Ta Jonee braew,
2218113,Cre’n traa t’ou goll dy lhie?,
2219113,Cre’n traa t’ou doostey?,
2220113,C’raad hie oo Jesarn?,
2221113,C’raad yinnagh Voirrey goll er laghyn seyrey?,
2222113,C’raad bare lesh Voirrey?,
2223113,T’eh nane,
2224113,C’raad yinnagh Orry goll?,
2225113,Quoid shuyr echey?,
2226113,Vanilla,
2227113,Nagh jinnagh ee giu?,
2230113,Tram Cabbyl,
2232113,C’raad hie oo riyr?,
2233113,Beagh oo maynrey cummal ayns Paris?,
2234113,Cha  beign,
2235113,Cre'n fa nagh beagh oo?,
2236113,T'eh beggan çheh ayns shen,
2237113,C’raad veagh oo ny smoo maynrey?,
2238113,Veign ny smoo maynrey ayns Sulby,
2239113,Ee peetsey!,
2240113,C’raad sy twoaie?,
2241113,Ta daa phaitçhey ayns my hie,
